name,variants
Aadi,
Aakav,
Aakesh,
Aakil,
Aaliyah,"Aaliya, Aalyya, Aalyyah, Aliya, Aliyah, Alyia, Alyiah, Alyya, Alyyah"
Aalok,
Aamin,
Aanan,
Aanandini,Anada
Aandaleeb,
Aaron,"Aahron, Aharon, Ari, Arin, Arny, Arron, Haroun, Ron, Ronnie"
Aarona,"Ahronit, Arnina, Arninit"
Aasta,"Aastah, Asta, Astah"
Aatmadeva,
Aatmik,
Aba,
Ababuo,
Abadi,
Abagbe,
Abam,
Abarrane,Abame
Abasi,Abasie
Abayomi,
Abba,
Abban,
Abbas,
Abbott,"Ab, Abad, Abe, Abbe, Abbey"
Abda,
Abdul,"Ab, Abdel, Abdullah, Del"
Abebi,"Abebea, Abeebe, Abebie, Abeby"
Abedabun,
Abeeku,
Abejide,
Abeke,
Abel,"Abe, Abey, Abie, Able"
Abelard,"Abe, Abel"
Abelia,"Abella, Abelle (feminine of Abel)"
Abellona,
Abena,"Aba, Abana, Abena"
Abeo,
Abequa,Abequah
Abey,
Abeytu,
Abeytzi,
Abha,"Aabha, Abhaa"
Abhiraja,
Abi,"Abe, Abie"
Abia,
Abiah,"Abiel, Abija, Abisha, Aviya"
Abid,
Abida,
Abidemi,
Abigail,"Abaigeal (Irish), Abbagail, Abbie, Abby, Abegail, Abygail, Gael, Gail"
Abimbola,
Abinkanile,
Abiodun,
Abiola,
Abiona,
Abir,
Abir,
Abishur,
Abmaba,
Abner,"Ab, Abby, Abna, Abnar, Abnor, Avner, Eb, Ebby, Ebner"
Abornazine,Bornbazine
Abra,"Abrah, Abria, Abrya"
Abraham,"Abarran, Abby, Abe, Abrahamo, Abrahan, Abram, Abrami, Abramo, Abran, Arram, Avram, Avrom, Avrum, Bram, Ibrahim"
Abram,"Abe, Abie, Abramo, Avram, Bram"
Abriana,"Abriania, Abranna, Abrianne, Abriell, Abriella, Abrielle, Abryan, Abryana, Abryane, Abryann, Abryanna, Abryel, Abryela, Abryele, Abryelle"
Absalom,"Absolon, Solam, Solom, Soloman"
Abu,
Acacia,"Acayca, Cacia, Cacya, Casey, Casia, Cassie"
Acadia,
Acadia,
Acaija,
Acantha,
Acar,"Ackerlea, Ackerliegh, Ackley, Akerlee"
Accalia,
Ace,"Acer, Acie"
Aceline,Aceline
Acenith,
Acestes,
Achaius,
Achala,Achalaa
Acharon,
Achates,
Achav,Ahab
Achazya,"Achazia, Achaziah, Achazyahu, Ahaziah, Ahaziahu"
Achban,
Achelous,
Acher,
Acheron,
Achida,
Achilla,"Acila, Achile, Achille, Achyla, Achyle, Achylla, Achyelle"
Achilles,"Achill, Achille, Achillea, Akil, Akilles"
Achim,Acim
Achimelech,Ahimelech
Achisar,
Achishar,Ahishar
Achiya,"Achiyahu, Ahia, Ahiah"
Achsah,Achsa
Acim,"Achim, Akim"
Acima,
Ackerley,"Ackleigh, Ackley, Ackerleigh"
Actaeon,
Acton,
Ada,"Adda, Addi, Addia, Addie, Addy, Ade, Aida, Eda, Edna"
Adad,
Adael,Adiel
Adah,"Ada, Adan, Adda"
Adahy,
Adaiah,"Adaia, Adaya"
Adair,Adare
Adalard,Adelard
Adalfieri,
Adalheidis,"Aalt, Aaltje, Adalheid, Aleida, Alida"
Adalia,
Adalric,Adelric
Adam,"Ad, Adamo (Italian), Adams, Adan (Spanish), Adao (Portuguese), Addam, Addie, Addis, Addison, Addy, Ade, Adhamh, Adnet, Adnot, Ado (Estonian), Adomas (Lithuanian), Edam, Edem, Edim"
Adamina,"Ada, Addie, Mina"
Adamma,"Adama, Adamia, Adamine, Adamya"
Adamnan,Adhamhnan
Adamya,
Adan,
Adanna,"Adana, Adania, Adannia"
Adapa,
Adar,"Adair, Adaira, Adaire, Adara, Adare"
Adar,
Adara,
Adawna,
Addae,
Addison,"Ad, Adisson"
Addula,
Ade,
Adebayo,
Adeben,
Adebola,
Adedagbo,
Adejola,
Adel,Adal
Adelaide,"Ada, Adalada, Adalia (Spanish), Adaliah, Adan, Addalah, Addie, Addiah, Adelais, Adelajda (Polish), Adele, Adelhaid (German), Adelia, Adella, Adia, Aida, Adalia, Aline, Alyosha, Del, Della, Delly, Edelaid, Edeline, Eline, Heidi, Lady"
Adelar,"Adal, Adalar, Adalard, Adelard"
Adeleke,
Adelinda,"Adeline, Adelyne, Linda"
Adeline,"Adalina, Adelind, Adella, Aline, Dalina, Daline, Delina, Delly, Delyne, Edelie, Lina"
Adelpha,"Adelfa, Adelfe, Adelfia, Adelphe, Adelphia"
Aden,"Adan, Adin, Adon, Aidan, Aiden, Aidon, Aidun"
Adena,"Adeanam Adeane, Adeena, Adeene, Adenia, Adina, Adine, Adyna, Adyne, Dea, Dee, Dena, Din, Dina, Dinah, Dine, Dinee, Dyn, Dyna, Dyne"
Adeola,"Adola, Dola"
Ader,
Aderes,Aderet
Adesimbo,
Adesina,
Adesola,
Adham,
Adheesha,
Adhideva,
Adhika,
Adhita,
Adia,
Adiba,
Adiel,"Adiela, Adiele, Adiell, Adiella, Adielle, Adyel"
Adiella,
Adika,
Adil,"Adeel, Adill"
Adila,Adilah
Adilo,
Adima,
Adin,
Adina,"Adin, Adine, Dea, Dee, Dena, Dina"
Adinah,Adina
Adio,
Adir,
Adira,"Abira, Abirah, Abyra, Adirah, Adyra, Amiza, Amyza"
Adisa,
Aditi,Aditie
Aditsan,
Aditya,Aaditva
Adiv,
Adiva,
Adlai,
Adlai,"Ad, Addie, Adley"
Adler,"Ad, Addla, Adlar"
Adley,"Adlee, Adlie"
Admete,
Admon,
Adnah,
Adnan,
Adney,
Adoeete,"Adoerte, Adooeette"
Adofo,
Adolph,"Ad, Addofo (Spanish/Italian), Adof, Adolfius, Adolfo, Adolfus, Adolphe, Afolphus, Dolph, Dolphus"
Adolpha,"Adolfa, Adolfia, Adolfya"
Adom,
Adon,
Adoni,
Adonia,
Adoniah,"Adonia, Adonijah, Adoniya, Adoniyah"
Adonica,"Adonica, Doncia"
Adonis,
Adora,"Adorabelle, Adoree, Adoria, Dora, Dori, Dory"
Adorna,Adornia
Adowa,
Adra,Adara
Adrastea,"Adrasta, Adrastar"
Adri,Adrey
Adria,"Adrea, Adriah"
Adrian,"Ade, Adiran, Adrea, Adria, Adriana, Adriane, Adriano (Italian/Spanish), Adrie, Adryan, Arje (Dutch), Hadria, Hadrian, Hadrien, Hadrienne"
Adriane,"Adrea, Adrean, Adreana, Adriana, Adrianna, Adriannah, Adrien, Adriena, Adrienne"
Adriel,Adrial
Adsila,
Aduke,
Adunbi,
Adusa,
Adwele,
Adwin,
Adya,
Adzaan-Tsinajinnie,
Adzo,"Adjoa, Adwoa"
Ae-Cha,
Aeacus,
Aedus,
Aegeus,Aegis
Aegina,
Aegir,
Aegyptus,
Aenea,
Aeneas,"Aineas, Eneas, Enne"
Aeolus,
Aerona,
Aeson,
Aetios,
Afa,
Afaf,
Afafa,
Afei,
Afi,
Afif,
Afiya,
Afra,"Affera, Affery, Afria, Aphina, Aphra"
Afraima,
Afram,
Africa,"Afprica, Aifric, Apirka, Apirkah"
Afryea,
Afton,"Aften, Aftona, Aftonia"
Afu,
Afua,
Afuvale,
Agalia,
Aganju,
Agapi,Agapa
Agapios,
Agastya,Agastia
Agate,Agata
Agatha,"Aagje (Dutch), Agace, Agacia, Aggie, Agata, Agota, Agueda (Spanish), Apka, Atka, Gasha (Slavic)"
Agathias,
Agatho,
Agave,Agava
Aglaia,Aglae (French)
Agnes,"Agnela, Agnesca (Italian), Agnessa (Russian), Agneta, Anais, Annis, Inez, Necia, Nessa, Nessie, Neysa, Nesa, Nesta, Neza, Neziko, Niesje (Dutch), Nyusha (Russian)"
Agni,
Agnola,"Agnolla, Agnolle"
Agnolo,
Agostino,Agostine
Agrey,Agray
Agrippa,"Agrafina, Agrippine"
Agu,
Ah Kum,
Ah Lam,
Ah-Yoka,
Ahab,Achav
Ahalya,
Ahanu,
Aharnish,
Ahauano,
Ahava,"Ahuda, Ahuva"
Ahawi,
Ahdik,Ahdic
Ahern,"Ahearn, Aherin, Aherne, Hearn, Hearne, Herin, Hern, Herne"
Ahia,
Ahilya,
Ahimeleka,
Ahimsa,
Ahio,
Ahlam,
Ahmed,"Achmad, Achmed, Ahmad, Amed"
Ahohako,
Aholelei,
Aholo,
Ahomana,
Ahonui,
Ahopomee,
Ahsan,"Ehsan, Ihsan"
Ahsan,
Ahu,
Ahuda,
Ahulani,Ahulania
Ahusaka,
Ahyoka,
Ai,
Aiakos,
Aibhlin,"Abblin, Ailbhe"
Aida,"Aidan, Iraida"
Aidan,"Adan, Adana, Adene, Aidana, Aiden, Aydana, Edan, Edana, Eden"
Aideen,"Adene, Etain"
Aikane,Aikan
Aiken,"Aicken, Aikin, Aykin"
Aiko,
Aiko,
Aila,"Aile, Ailee, Ailey, Aili, Ailis, Ailse"
Ailaina,"Alaine, Alanis"
Ailani,
Ailbhe,"Alva, Alvy, Elva, Elvy"
Aileen,"Aila, Ailean, Ailee, Ailene, Ailey, Ailli, Ailie, Aleen, Aline, Eileen, Ileana, Ilene, Leana, Lena, Liana, Lina, Lyan"
Ailesh,
Ailill,
Ailith,"Aldith, Aldis"
Ailpean,"Ailpein, Alpine"
Ailsa,"Elsa, Elshe"
Aime,
Aimee,Aimie
Aimery,"Aimerey, Aimeric, Aymeric, Imre"
Aimiliona,
Aimon,"Aimond, Aymon, Haimon, Heman"
Ain,
Aina,
Aina,
Ainakea,
Ainalan,
Aine,"Aithne, Ayn, Eithne, Ena"
Ainmire,
Aino,
Ainsley,"Ainslea, Ainsleigh, Ansley, Aynslee, Aynslie"
Airlea,Airleigh
Airleas,
Aisake,
Aisea,
Aisha,"Asha, Ashia, Asia"
Aisha,"Aesha, Aiesha, Aishah, Aisia, Asha, Ashia, Asia, Ayeesha, Ayeisa, Ieasha, Yiesha"
Aisi,
Aislinn,"Aisling, Aissah, Ashling, Isleen"
Aithne,"Aine, Aithnea, Eithne, Ena, Ethnea"
Aiyana,Ayana
Aiyetoro,
Aja,"Ajaran, Ajha, Ajia"
Ajala,
Ajalaa,
Ajanabh,
Ajani,
Ajax,
Ajei,
Ajeya,
Ajua,
Ajuji,
Akahana,
Akahele,
Akako,
Akako,
Akala,
Akalanka,
Akama,Akam
Akamai,
Akamu,Adamu
Akando,
Akanesi,
Akanke,
Akanni,
Akar,Akare
Akash,Akasha
Akasma,
Akasuki,
Akaula,
Akbar,
Ake,Age
Akecheta,
Akela,Akeia
Akeliela,Aderiela
Akelin,"Akeline, Aquila"
Akemi,Akeno
Akeno,
Akhila,
Akhilendra,
Aki,Akeia
Akihiko,"Akio, Akira"
Akihito,
Akiiki,
Akiko,
Akil,
Akilah,
Akilesh,
Akili,Akilea
Akiliano,Adiriano
Akilina,Aquilina
Akim,"Achim, Ackim, Akeem"
Akima,
Akinlabi,
Akinlana,Akins
Akins,"Akin, Atkin, Atkins"
Akio,
Akira,Akio
Akiva,"Kiba, Kiva, Kivi"
Akiyama,Akima
Akma,Akmara
Akmal,
Akolo,
Akoniia,Adoniia
Akono,
Akosua,
Akshan,
Akshay,
Akua,
Akule,Akul
Akuna,
Akwetee,
Akwokwo,
Ala,
Ala,
Alaba,
Aladdin,"Aladdan, Aladden, Aladin"
Alahmoot,
Alaia,
Alaine,"Alaina, Alenne"
Alaire,"Alair, Helier, Hilare, Larie"
Alaka'i,
Alake,
Alala,
Alam,
Alame,
Alamea,
Alameda,
Alan,"Ailean, Ailin (Irish), Al, Alain (French), Alair, Aland, Alano (Italian), Alein, Alin, Allan, Allayne, Alleyn, Alun"
Alana,"Alaina, Alani, Alanna, Alayne, Alene, Allane, Lana"
Alani,Alania
Alanna,"Alaine, Alannah, Allena, Allene, Aleynah, Allyn, Alina, Lana, Shalana"
Alaqua,
Alard,"Adlar, Adlard, Al, Allard"
Alaric,"Airik (Swedish), Al, Alarich, Alarick, Alarico (Spanish), Aleric, Alric, Ulrich, Ulrick"
Alarice,Alarica
Alastair,"Al, Alasdair, Alaster, Allistair, Alsandair (Irish), Alysdair, Alyster"
Alastrina,Alastriona
Alauda,
Alaula,
Alba,
Alba,"Albane, Albina, Albine, Albinia, Albinka, Alva"
Alban,"Al, Albain, Albany, Albie, Albin, Albinet, Albion, Alby, Alvin, Alvy, Auban, Aubin"
Alberga,Alberge
Albern,Alburn
Albert,"Adalbert, Adalbrecht, Adelbert, Ailbert, Al, Albertino (Italian), Alberto, Albie, Albrecht (German), Albret (French), Aubert, Bert, Bertal, Bertie, Delbert, Elbert, Imbert, Ulbricht"
Alberta,"Albertina, Ali, Auberta, Auberte, Aubertha, Aubine, Berrie, Bert, Berta, Bertie, Elberta, Elbertine"
Albin,"Al, Alban (Irish), Albinson, Alpin, Alva, Aubin"
Albina,"Alba, Albania (Italian), Albinia (Italian), Aubine (French)"
Albion,
Albreda,
Alcander,Alcinder
Alcestis,
Alcina,"Alcine, Alcinia, Alzina, Alzine"
Alcott,Alkott
Alcyoneus,
Alda,"Aldabella, Aldea, Aldina, Aldine, Alida"
Aldara,
Alden,"Aldin, Aldon, Aldwin, Elden, Eldwin"
Alder,Aldar
Aldith,"Ailith, Alda, Aldis, Alditha"
Aldo,
Aldonza,
Aldora,
Aldous,"Al, Aldis, Aldivin, Aldo, Aldon, Elden, Eldin, Eldis, Eldous, Elton"
Aldred,Eldred
Aldrich,"Al, Aldric, Aldridge, Aldrige, Aldritch, Allric, Alrick, Audric, Eldrich, Rich, Richie"
Aldwin,"Aldwan, Aldwen, Aldwon, Alswynn, Elden, Eldwin"
Alea,Aleah
Aleeka,
Aleekcheaahoosh,
Aleela,"Aleila, Alei, Aleigha"
Aleen,"Aleena, Aleene, Aleine, Alisa, Aleeza"
Aleeza,
Alegria,Allegria
Alei,
Alekanekelo,"Aleka, Alekanedero, Alika"
Alekona,Aletona
Alem,
Alema,
Alemana,"Amana, Aremana"
Alepana,Alebana
Alepeleke,"Alapai, Aleferede"
Aleria,Alearia
Aleron,
Aleshanee,
Alesia,
Aleta,"Allette, Letty"
Alethea,"Alata, Aleta, Alette"
Alexander,"Al, Alasdair, Alastair, Alaster, Alcander, Alec, Aleik (Russian), Alejandro (Spanish), Alejo (Spanish), Alek, Aleksandr (Russian), Alessandre, Alessandro, Alex, Alexandre, Alexandro, Alexandros, Alexei, Alexio (Portuguese), Alexis, Alisander, Alsandair, Alsandare, Ellic, Iskander, Leks (Estonian), Sacha, Sander, Sandero, Sandor, Sandro, Sandy, Sascha, Sasha, Saunder, Saunders, Sikander"
Alexandra,"Aleksandra (Lithuanian), Aleksia (Danish, Norse), Alessandra, Alexa, Alexandrovna (Russian), Alexine, Alla, Cesya, Lexine, Ritsa, Sacha, Sandea, Sandee, Sandi, Sandra, Sandrea, Sandria, Sandrina, Sandrine, Sandy, Sasha, Sashia, Saundra, Sondra, Xandi, Xandia, Zanda, Zandra, Zanna"
Alexis,"Alejo, Alexei"
Aley,
Alfonsine,"Alfonsa, Alfonsia, Alonza, Alphonsine"
Alford,Aldford
Alfred,"Aelfric, Ailfrid, Ailfryd, Al, Alfeo, Alfie, Alfredas (Lithuanian), Alfredo, Alfried (German), Avery, Elfric, Elfrid, Fred, Freddie, Fredo"
Alfreda,"Alfie, Alfre, Alfri, Alfried, Alured, Elfie, Elva, Freda, Freddy, Frieda"
Alger,"Al, Algar, Elgar, Elger"
Algernon,"Al, Alger, Algie, Algy"
Algis,
Algoma,Algome
Algot,
Alhena,
Ali,Aly
Alia,"Aleah, Alea, Aliyah, Aleana"
Alice,"Addala, Adelice, Adelicia (Old English), Aletta, Alicia, Alicija (Polish), Alisa, Alisha, Alleta (Dutch), Allison, Allie, Elice, Elisan, Elisun, Ellie, Elsa, Ilysah, Ilyssa, Licha, Lyssa"
Alida,"Aleta, Alita, Alette, Leda, Lita"
Aliimalu,
Alika,Alique
Alike,
Alikkees,
Alile,
Alim,
Alima,
Alimet,
Alina,Alkina
Alina,"Aleen, Alena, Alenah, Alene, Alleen, Alline, Allyna, Lena, Lina, Lyna"
Alinga,
Alipate,
Alisa,
Alisi,
Alison,"Aleka (German), Allie, Allison, Allsun, Lissie"
Alita,
Alitz,"Aliz, Alitzah"
Alix,"Alexa, Alexis, Aliki, Alissandre, Alissandrine, Lissandre"
Aliya,Aliye
Alizah,Aliza
Alka,
Alkas,
Allahkoliken,
Allambee,
Allard,
Allegra,Legra
Allira,
Allon,Alon
Allunga,Alunga
Allya,
Allyriane,
Alma,
Alma,
Almarine,Almeria
Almeda,"Allmeta, Allmida, Maelle"
Almedha,Enid
Almena,"Almeena, Almina, Elmena, Elmina"
Almera,"Almeera, Almeeria, Almeria, Almire, Almyra, Elmeera, Elmeeria, Mera, Mira, Mirah, Myra"
Almira,
Almita,
Almo,
Almodine,
Almon,
Alnaba,
Alodie,"Alodea, Elodee"
Aloha,
Alohalani,Alohilani
Alohilani,
Aloiki,Aloisi
Aloisia,Aloysia
Alon,"Alonn, Allon"
Alona,"Allona, Alonia, Eilona"
Alonsa,Alonza
Alonzo,"Allon, Alon, Alonso, Lonnie, Lon"
Aloysia,Aloyza (Polish)
Aloysius,"Alois, Aloisius, Aloisio, Lewis, Louis, Ludwig"
Alp,"Alper (Brave Youngster), Alp, Er"
Alparslan,Alpaslan
Alpha,"Alfa, Alfia, Alphia"
Alpheus,
Alpheus,"Alpheaus, Alphoeus"
Alphonse,"Affonso, Al, Alfie, Alfo, Alfons, Alfonso, Alfonsus, Alfonzus, Alford, Alfy, Alonso, Alonzo (Spanish), Fons, Fonsie, Fonz, Fonzie"
Alpin,"Alpine, Macalpin"
Alpinolo,Alpin
Alptekin,Alp Tigin
Alroy,
Alston,
Alta,"Altai, Alto"
Altair,Altaira
Alter,"Altar, Altor"
Althea,"Althaia, Thea, Althaea"
Altheda,
Altman,
Alton,
Altsoba,
Aludra,
Alula,
Alumit,"Aluma, Alumice"
Aluna,
Alura,Alurea
Alva,"Alba, Alvah"
Alva,Alba
Alva,"Alba, Albina, Albine, Albinia"
Alvar,
Alverdine,
Alvern,Elvern
Alvin,"Ailwyn, Al, Alban, Albin, Aloin, Aluin (French), Aluino (Spanish), Alva, Alvan, Alvie, Alvon, Alwin (German), Elvin, Elwin"
Alvina,"Alvine, Alvinia, Vina, Vinnie"
Alvis,"Alva, Elvis"
Alvita,
Alysia,
Alyssa,"Alisa, Ilisa, Ilysa, Lisa, Lissa, Lysa, Lyssa"
Alzbeta,
Alzena,"Alsena, Alxena"
Alzubra,
Am,
Ama,
Amabel,"Ama, Belle, Mab, Mabel"
Amadea,"Amada, Amadee, Amadi"
Amadeo,"Amadee, Amadei, Amadi, Amadieu, Amadis, Amado, Amando, Amyas, Amyot"
Amadeus,Amadeo (Spanish)
Amadi,
Amadi,
Amadika,
Amadore,Amadora
Amadour,
Amal,"Amahl, Amahla, Amala"
Amal,
Amal,
Amala,
Amalesh,
Amalida,Amalina
Amama,
Aman,
Amana,
Amanaki,
Amanda,"Amada, Amandi, Amandine, Amata, Manda, Mandaline, Mandi, Mandy"
Amani,
Amar,"Amari, Amrio, Amaris, Amarjit, Ammar"
Amara,"Amarantha, Amarinda, Mara, Marra"
Amariah,"Amaria, Amariahu, Amarya, Amaryahu"
Amarina,"Amarin, Amarine"
Amarinda,"Amra, Amargo"
Amaris,
Amarjaa,
Amaroo,
Amaryllis,
Amasa,"Amasai, Amasia, Amasiah, Amasya"
Amata,
Amaui,
Amaya,
Amayeta,
Ambarish,
Amber,"Ambar, Amberetta, Amberline, Amberly"
Ambert,
Ambika,
Ambonisye,
Ambrose,"Ambie, Ambrogio (Italian), Ambroise (French), Ambros (Irish), Ambrosi, Ambrosio (Spanish), Ambrosios (Greek), Ambrosius, Ambrossij (Russian), Ambroz (Bohemian), Ambrozij (Polish), Brose"
Ambrosine,"Ambrosia, Ambrosina, Brosina"
Amee,
Amelia,"Aimiliona, Amalea, Amaleta, Amalia, Amalija (Lithuanian), Amalina, Amelie, Amelita, Ameliya, Amelyta, Amy, Em, Emelina, Emelita, Emma, Mali, Malia, Malika, Meline, Milly"
Amelinda,
Amenti,
Amerigo,
Amery,Americk
Ames,
Amethyst,Amethysta
Amfrid,Amfred
Amica,"Amata, Amice, Amicia, Amise, Amisia"
Amico,"Amic, Amick, Amicko"
Amidah,Amida
Amiel,
Amiela,Ammiela
Amik,
Amil,
Amin,
Amina,
Aminta,"Aminte, Aminti, Minta, Minty"
Amipa,
Amir,
Amira,"Amera, Amyra, Meera, Mera, Mira"
Amiram,
Amisa,Amissa
Amit,"Amitan, Amrit, Amritan"
Amit,"Amitan, Amrit, Amritan"
Amita,
Amita,
Amitola,
Amity,
Amjad,
Amlike,Amilka
Amma,
Amma,
Ammar,
Ammon,"Amon, Amun"
Ammu,
Amnon,Aminon
Amoka,Amosa
Amoke,
Amoli,
Amon,Ammon
Amorel,Amorela
Amorette,
Amory,"Aimory, Amery, Amorey"
Amos,
Amphion,
Amr,Am
Amram,"Amran, Amren"
Amrita,Amritte
Amul,
Amy,"Aimee, Aimia, Aimie, Amada, Amata, Amecia, Amei, Amia, Amice, Amina, Amine, Amoretta, Amorita, Esma, Esme"
Amyas,Amias
Amycus,
Amymone,
An,
An Toan,
Ana,
Anaba,
Anad,Anaadi
Anada,
Anadaria,Anakalia
Anael,
Anahita,
Anaiah,"Anaia, Anaya"
Anais,
Anakale,Anadar
Anakletos,"Anacletus, Cletus, Kletos"
Anakoni,
Anala,Analaa
Analo,
Anamosa,
Anan,
Anand,
Ananda,
Anandita,
Anane,
Ananke,
Ananta,
Ananya,
Anastasia,"Anastace, Anastacia, Anastacie, Anastasija, Anastazia, Anastazya (Polish), Annestas, Anstace, Anstice, Natassja, Nastyenka, Natasha, Nitasse, Stacey, Stacie, Stacia, Stassy, Tas, Tasa, Tasi, Tasia"
Anastasius,"Anastas, Anastase, Anastasio (Spanish), Anastasij (Russin), Anastatius, Anastazy (Polish), Anastice, Anastius, Anasto, Anstas, Anstice, Nastagio, Stasio, Stasius"
Anatola,Anatolia
Anatole,"Anatol, Anatolio"
Ancelote,"Ancelin, Ancelina, Anceline"
Anchali,
Anchoret,Anchoretta
Anci,
Ancilla,"Ancilee (French), Ancilia"
Anda,
Andela,"Andel, Andelka"
Andra,
Andrea,"Aindrea (Irish), Andee, Andra, Andreana, Andree (French), Andrela, Andretta, Andri, Andriana, Ondra, Ondrea, Ondria"
Andrew,"Aindrea, Aindreas (Gaelic), Analo, Anders, Andias (Slavic), Andonis, Andor, Andras (Estonian/Hungarian), Andre (French), Andrea, Andreas (Dutch/German), Andrei (Russian), Andrej (Slavic), Andres, Andresj, Andro, Andronicus (Greek), Andy, Anker, Anthe (Greek), Bandi (Hungarian), Drew, Drud, Drugi, Ondrej, Ondravsek, Ondrejek, Ondrousek"
Andria,
Andromeda,
Andula,Andulka
Aneira,
Aneka,Aneta
Anekelea,Anederea
Aneko,
Anela,
Anemone,
Anesh,"Anesa, Aneska, Anezka, Neska"
Aneurin,"Aneirin, Nye"
Anevay,
Anga,
Anganaa,
Angela,"Agnola, Ancela (Polish), Ange, Angele, Angelica, Angelique, Angelita (Swedish), Angie, Angiola (Italian), Angelina, Angelo (Tongan), Annijilla, Anjela, Engel, Engela, Engelchen, Gelya"
Angelica,
Angelo,"Angell, Angiolo, Anjelo"
Angeni,Ange
Angharad,"Ancret, Ancreta, Ingaret, Ingaretta"
Angpatu,
Angus,"Ennis, Gus"
Anh,
Ani,Ania
Aniani,
Aniketos,
Anil,"Anel, Anielo"
Anila,
Anima,
Anina,
Anisah,Annissa
Anitelu,
Aniweta,
Anjay,
Anju,
Anker,
Ankur,
Anluan,Anlon
Annan,
Annar,
Annawon,Annawan
Anne,"Aine, Ana, Anca (Bohemian), Anechka, Anika (Scandinavian), Ania, Aniela (Polish), Anina, Anissa, Anita, Anitra, Anja (Russian), Anje (Dutch), Anjuska (Russian), Anna, Annali (Swiss), Annchet, Anneke (Dutch), Annette (French), Annika, Annze (Lithuanian), Antje, Anushka, Anya, Asya, Hannah, Hanja, Nancia, Nancy, Nanice, Nannette, Nettie, Nina, Ninetta, Ninon, Nita, Nona, Ohanna, Ona, Vanjuscha, Vanka, Vanni, Zaneta, Zanette"
Annina,
Annis,"Anissa, Annys"
Annot,
Annunciata,"Annunziate, Anunciacion"
Annur,An-nur
Anoi,
Anoki,Anoke
Anona,"Annona, Nona"
Anoop,
Anscom,
Ansel,Ancell
Anselm,"Anse, Ansel, Anselme, Anselmi (Italian), Anselmo (Spanish/Portuguese), Anshelm, Elmo"
Anselma,"Selma, Zelma"
Anselma,"Selma, Zelma"
Anshu,Anshul
Ansley,"Ansleigh, Anslea"
Anson,"Hanson, Ansin"
Antaeus,Antaios
Antares,
Anthea,"Anthe, Anthemia, Antia, Thia"
Anthony,"Antaine, Antanas, Antin, Antoin (Irish), Antoine, Anton, Antone, Antonello, Antoni (Polish), Antonin, Antonino, Antonio, Antonius, Antons, Antony, Antti (Finnish), Hanto, Tony"
Antigone,
Antoinette,"Antonetta, Antonia, Antonie, Antonina, Antonya (Lithuania), Netta, Nettie, Toinette, Tona, Toni, Tonia, Tonya"
Anuenue Akua,
Anuhea,
Anuka,
Anuli,
Anum,
Anupa,
Anupriyaa,
Anura,
Anusheela,
Anwar,
Anwell,Anwill
Anwen,Anwyn
Anya,Anyuta
Anyon,Einion
Anzu,
Aodh,"Aodha, Aodhaigh, Aodhan, Aodhfin, Aodhgan, Aoidh"
Aoi,
Aoibheann,"Aibfinnia, Aoibh, Aoibhinn, Eavan"
Aoiffe,Aoife
Aolani,
Aonani,
Apangela,
Apanie,
Apara,
Apash Wyakaikt,
Apekaloma,Abesaloma
Apelama,"Aberama, Abiram, Apilama"
Aphra,Affery
Apia,Abia
Apiatan,"Ahpeatone, Ahpiatom, Apiaton"
Apikai,Abisai
Apikatila,
Apolline,"Abbeline, Apolda, Apollonia, Pola"
Apollo,"Apollon, Apollos"
Apona,
Aponi,
Appanoose,
April,"Aprilete, Averel, Averil, Avril"
Apsara,
Apurta,
Aquene,
Aquila,"Acquila, Acquilla, Aquilla"
Aquilina,
Aquilo,
Ar-ke-kee-tah,
Ara,"Ari, Arria"
Ara,
Arabella,"Ara, Arbela, Arbell, Arbella, Bel, Bella, Orabella, Orabelle, Orbella, Orbelle"
Arach,
Arachne,
Aradhana,
Arafat,
Aram,
Araminta,
Aramis,
Aran,
Arapoosh,
Arawa,
Arcadia,Arcadie
Arcas,
Arcelia,
Archard,"Archer, Archerd"
Archelaus,
Archer,
Archibald,"Arch, Archaimbaud, Archambault, Arche, Archer, Archibaldo (Italian), Archibales (Lithuanian), Archie, Archimbald"
Archimedes,Archim
Arda,"Ardah, Ardath"
Ardal,"Ardall, Ardell, Ardghal, Artegal, Arthgallo"
Ardelle,"Arda, Ardelia, Arden, Ardis, Ardine, Ardella"
Arden,"Ard, Ardan, Ardie, Ardin, Ardint, Ardy"
Ardis,"Adisa, Ardissa, Ardisse"
Ardley,"Ardsley, Ardsly"
Ardmore,Ardmor
Ardolph,
Ardon,"Ardan, Arden, Ardin"
Arella,Arela
Arete,"Areta, Aretina, Oreta, Retha"
Arethusa,
Argenta,Argentia
Argus,Argos
Argyle,Argyll
Argyro,
Ari,
Aria,"Arietta, Ariette"
Ariadne,"Arene, Ariane, Arianna"
Ariana,"Ariane, Arianwen, Arianwena"
Aric,"Aaric, Arik, Eric, Erick, Erik, Ric, Ricky"
Aricia,
Ariel,"Ariella, Aeriela, Ariellel"
Ariel,"Airel, Airyel, Arel, Arie, Aryel"
Aries,"Ares, Arese, Ariese"
Arif,
Arika,Arica
Ariki,
Arioch,Aryoch
Arion,"Arian, Arien, Ariona"
Arista,
Aristaeus,
Aristides,"Aristede, Aristedes, Aristide"
Aristotle,"Ari, Arie, Aristo, Ary"
Ariza,
Arjun,
Arkell,Arkel
Arledge,Arlidge
Arlen,"Arlan, Arles, Arlin, Arlyn"
Arlene,"Arlana, Arlea, Arlie, Arlind, Arlinda, Arlin, Lene, Lena, Arlena, Arleta, Arlette, Arla"
Arles,"Arlee, Arleigh, Arley, Arlis, Arly"
Arlette,Arletta
Arley,Arlea
Arlise,Arlyss
Arlo,
Arlyn,"Arland, Arlin, Arlon"
Armand,"Arman, Armande, Armando, Armin, Armon, Armond, Armonde, Armondo"
Armany,Armani
Armida,
Armide,"Armidea, Armidia"
Armilla,
Armina,"Armantine, Armida, Armine, Arminie, Erminia, Erminie, Ermyne"
Armon,"Armin, Armen"
Armstrong,
Arna,
Arna,
Arnalda,
Arnall,Arnell
Arnan,
Arnbjorn,
Arnett,"Arnat, Arnot"
Arney,"Arne, Arni, Arnie"
Arnina,Arona
Arno,"Arnoe, Arnou, Arnoux"
Arnold,"Ahrent, Arend, Arman, Armond, Arnaldo, Arnaud, Arnauld, Arnault, Arndt, Arne, Arnie, Arno, Arnoldo, Arnolt"
Arnon,"Arnan, Arnen"
Arnost,
Arnurna,
Arod,
Aroon,
Aroona,
Arora,
Arpana,
Arran,"Aran, Aren, Arin, Arren, Arrin, Arron"
Arre-catte Waho,
Arrio,"Ario, Arryo, Aryo"
Arsenio,"Arsen, Arseneo, Arsenius"
Arsha,
Arshad,
Artemisia,Artemis
Artemus,"Art, Artemas, Artemis, Arty"
Artha,
Artha,
Arthur,"Art, Artai (Scottish), Artair, Arthuro, Artie, Arto (Finnish), Artur (Portuguese/German), Arturo (Italian/Spanish), Artus, Atorus"
Arthuretta,"Artis, Artrice, Arthurina"
Arub,
Arun,
Aruna,"Arunika, Arunima"
Arundel,
Arva,
Arvad,"Arpad, Arv, Arvid, Arwyn"
Arval,"Arvel, Arvil"
Arve,
Arvid,
Arvin,"Arvan, Arven"
Arvind,"Arvinda, Arvindaa, Aurobindo"
Arwa,
Arwystli,
Aryabhata,
Aryeh,
Asa,Ase
Asa,Asako
Asabi,
Asad,Asaad
Asadel,
Asaph,"Asaf, Asif, Asiph"
Asariel,
Ascanius,
Ascencion,Asuncion
Ascot,
Aseem,
Asela,
Aselma,
Asenahana,
Asenath,Acenath
Asha,Ashia
Ashanti,Ashanta
Ashby,"Ashburn, Ashton"
Asher,Ash
Ashford,Ashenford
Ashia,
Ashira,
Ashishishe,Shishiesh
Ashkii Dighin,
Ashley,"Ashla, Ashlan, Ashlen"
Ashni,
Ashon,"Ashan, Ashen"
Ashraf,
Ashton,
Ashur,
Ashvaghosha,
Ashwin,"Ashwan, Ashwen"
Asiel,
Asim,
Asima,
Asisa,
Asker,Aske
Aslak,
Aslaug,
Asma,
Asmee,
Asmund,
Asoka,
Asola,Sola
Aspasia,
Asphodel,
Asshewequa,
Asta,"Astera, Astra, Estella, Esther, Hadassah, Hester, Stella"
Astera,"Asta, Asteria, Astra"
Astley,"Asterly, Astlie"
Aston,
Astra,"Asta, Astera, Asteria, Astraea, Astria"
Astraea,Astrea
Astrid,"Assi, Astra, Astrud, Astryr, Atti"
Astyanax,
Asvor,
Aswad,
Aswin,
Asya,Assia
Ata,
Ata,Ataata
Ataahua,
Atagulkalu,Attakullakulla
Ataiah,Ataya
Atalanta,Atlanta
Atalaya,
Atalik,
Atamai,
Atara,"Atera, Ateret"
Athalia,"Atalee, Atalia, Athalie, Attalie"
Athan,"Atek (Polish), Athen, Athin, Athon"
Athanasia,
Athelstan,Athol (Scottish)
Athena,"Atheana, Athenais, Athene, Athie, Attie"
Atherton,
Athol,"Athal, Athel"
Athure,
Ati,
Atiah,
Atid,
Atida,
Atif,
Atifa,
Atira,
Atiu,
Atiya,
Atley,"Atlea, Attley"
Atman,
Atrina,
Atsidi,
Atsu,
Attila,"Atilla, Atila, Attilla"
Atu,
Atuyana,
Atwater,
Atwell,
Atwood,
Atworth,
Atyaananda,
Atzel,Azel
Auberon,"Alberi, Alberich, Auberron, Aubrey, Oberon, Oeberon"
Aubin,"Abern, Aubin"
Aubrey,"Alberik, Aubary, Aube, Aubery, Aubrette, Aubury, Avery"
Aud,Auda
Auda,"Aud, Aude"
Auden,"Audie, Audel, Audley"
Audhild,"Aud, Audny"
Audley,
Audrey,"Audie, Audra, Audre, Audreen, Audria, Etheldreda"
Audric,Aldrich
Audris,
Audwin,
August,"Agosto, Aguistin, Agustin, Agustino, Augie, Auguste (French), Augustin, Augustine, Augustino, Augusto, Augustus, Austen, Austin, Avgust (Russian), Gus"
Augusta,"Auguste, Augustina, Augustine, Austina, Austine, Awsta (Welsh), Gus, Gussie, Gusta, Tina"
Auina,Auwina
Aukai,
Aukaka,"Augata, Auguseta"
Aukake,"Augate, Aukukeko, Aukukino"
Aulani,Aulania
Aulay,
Aulelio,
Aulii,
Aungattay,
Aura,"Aure, Aurea, Auria"
Aurek,
Aurelia,"Aranka, Aural, Auralia, Aurea, Aurel, Aureliana, Aurelie, Aurita, Ora, Oralia, Orel, Orelee, Oriole"
Aurelius,"Aurelian, Aurelio"
Aurora,"Aurore, Ora, Rora, Rory, Zora, Zorica"
Austin,"Austen, Austyn"
Austine,Austina
Ava,"Arva, Avis"
Avalon,
Avanga,
Avanindra,
Avara,Avaria
Ave,
Avel,Avell
Aveline,
Avena,Avene
Avenall,"Aveneil, Avenil"
Avera,
Averil,Avril
Averill,"Ave, Avrell, Avrill"
Avery,Averey
Avi,"Avey, Avie, Avy"
Aviah,"Abia, Abija, Aviya"
Avice,"Aves, Aveza, Avicia, Avis"
Avichayil,"Abichail, Avigail"
Avida,"Abiden, Abidin, Avidan"
Avidan,
Avidor,
Aviel,
Avijah,
Avikar,
Avikar,
Avimelech,
Avinoam,
Avira,Abi
Avisha,"Abijah, Abishai"
Avital,"Avitul, Abital"
Aviur,
Aviv,
Aviva,"Auvit, Avivah, Avivi, Avivit, Viva"
Avoca,
Avoka,
Avril,"April, Averel, Averil"
Avtalia,Avtalya
Awan,"Awen, Awin"
Awanatu,Awanata
Awee,
Awena,
Awendela,
Awinita,Awenita
Awst,
Awwal,
Axel,"Aksel, Ax, Axe, Axil"
Axelle,
Axton,
Aya,
Ayah,
Ayako,
Ayala,Ayalah
Ayameko,
Ayanna,Ayania
Ayasha,
Ayda,
Aydin,"Aidan, Aiden, Aidin, Aidon"
Aydogan,
Ayelet,
Ayers,
Ayesha,
Aygul,
Ayhan,
Ayinde,
Ayita,
Ayize,
Ayla,
Aylmer,"Ailmer, Elmer, Eylmer"
Aylward,Ailward
Aymil,Aimil
Aynur,
Ayo,
Ayobami,
Ayobunmi,
Ayodele,
Ayofemi,
Ayoka,
Ayoluwa,
Ayondela,
Ayoola,
Ayumi,
Az,
Aza,
Azad,
Azalea,Azalia
Azami,
Azaria,"Azariah, Azelia"
Azel,
Azelia,
Azhar,
Azi,
Azim,"Aseem, Asim, Azeem"
Aziza,
Aziza,
Azize,
Azizi,
Azra,
Azriela,
Azua,
Azuba,Zuba
Azura,"Azor, Azora, Azure"
Azuriah,Azuria
Azusena,"Azucena, Asucena, Azusa"
Azza,
Azzan,Azza
Baako,
Baasu,
Bab,
Baba,Aba
Babafemi,
Babar,
Bachiko,
Bachir,
Bachur,
Badar,Badr
Baden,"Badan, Bade, Badin"
Baderinwa,
Badhur,Badhir
Badr,
Badr Aldin,
Badriyyah,
Baez,
Baha,
Bahaar,
Bahati,
Bahija,Bahiaa
Bahir,
Bahira,
Bahjat,
Bahram,Bairam
Baila,"Beyla, Byla"
Bailey,"Bailie, Bailly, Baily"
Bainbridge,"Bain, Baine, Bayne"
Baird,"Bar, Bard, Barde, Bardoul, Bayerd, Bayrd"
Bais,
Baka,Baca
Bakana,
Bakara,
Bakari,
Bakr,Bakor
Bakula,
Bakura,
Bal,
Bala,
Balabhadra,Balu
Balakrishna,
Balaniki,
Balbina,Balbine
Balbina,Balbine
Balbo,"Bailby, Balbi"
Baldemar,"Baldur (Norse), Baumar, Baumer"
Balder,"Alder, Baudier, Baulder"
Baldev,
Baldric,"Badric, Baldrick, Baudric"
Baldwin,"Aldwin, Baden, Bald, Baldovino, Balduin, Baudoin"
Balendin,
Balfour,Balfore
Balin,Baline
Balint,
Ballard,
Balraj,
Balsys,
Balthasar,"Baldassare, Baltasar, Baltazar, Belshazzar"
Bambi,
Bambra,
Banan,"Banen, Banin, Banon, Banquo (Celtic)"
Banbhan,
Bancroft,Bank
Banht,
Banita,
Banjoko,
Banjora,
Banner,
Banning,
Bano,
Bao,
Bao-Yo,
Baothghalach,"Behellagh, Beolagh, Boetius"
Bapp,
Baptista,"Baptiste, Batista, Bautista"
Bara,
Bara,"Bari, Barra"
Baradine,Baradin
Barak,"Barrack, Baruch"
Baram,"Barem, Barim, Barom"
Baran,"Baren, Barin, Barran, Barren, Barrin"
Barasa,
Barbara,"Bab, Babette, Babe, Babita, Baibin, Barba (Spanish), Barbe (French), Barbel (German), Barbica (Slavic), Barbie, Barbola, Barbora (Bohemian), Basha, Basia, Bobbi, Bonni, Varina, Varvara, Vavina"
Barclay,"Bar, Barcley, Bartley, Berk, Berkley"
Bard,
Barden,"Baird, Bairdan, Bardan, Bardon, Bordan, Borden"
Bardin,"Bardan, Barden, Bardon"
Bardo,
Bardolf,"Bardou, Bardoul, Bardulf"
Bardrick,
Barend,Barand
Bariah,
Barika,
Barika,
Baringa,
Barite,
Barkait,Barkat
Barker,Barkley
Barlow,
Barnabas,"Barna (Italian), Barnaba (Italian), Barnabe (French), Barnaby, Barnabus, Barney, Burnaby"
Barnes,
Barnett,"Barney, Baronet, Barrie, Barry"
Barnum,
Baron,
Barr,
Barra,Bara
Barran,"Barana, Barina, Barine"
Barrett,"Barrie, Barry"
Barric,"Barrick, Barrik, Beric"
Barrie,
Barris,
Barry,"Baris, Barnet"
Bartholomew,"Baremo, Bart, Bartek (Polish), Bartel, Barteo, Barth, Barthelemy, Bartho, Barthol, Bartholomeo, Bartholomeus, Bartlet, Bartome, Bat"
Barton,
Bartram,"Barthram, Bertram"
Baruch,
Baruti,
Barwon,
Basam,Basim
Basant,
Basha,
Bashiyra,
Basia,"Basha, Basya"
Basil,"Basile, Basilio, Basilius, Bazyli, Vasil, Vasilios, Vasilis, Vasilius, Vassilij, Vassily"
Basilia,"Basile, Basilla"
Basim,Bassam
Basima,"Basimah, Basma"
Basir,
Bassett,
Bat,Bet
Bathanny,
Bathia,"Basha, Baspa, Batia, Bitya"
Bathilda,"Bathilde, Berthilda, Bertilda, Bertilde"
Bathsheba,"Batshua, Sheba"
Bathshira,
Batini,
Batya,Bitya
Batzra,
Baul,
Baul,
Baum,Baume
Bavol,"Baval, Bavel, Bavil, Bevel, Bevil"
Baxter,Bax
Bay,Bae
Bayard,"Baiardo, Bay"
Bayo,
Beacher,"Beach, Beecher"
Beagan,"Beacan, Beag, Bec, Becan"
Beal,"Beale, Beall, Beals, Beill"
Beaman,"Beamen, Beeman, Beemen"
Beamer,
Beanon,"Beamon, Beinean, Beineon, Binean"
Bearach,"Bercnan, Bergin"
Beasley,"Beasleigh, Beasly"
Beata,Beate
Beatha,Betha
Beatrice,"Bea, Beatricks (Russian), Beatrisa, Beatrix, Bebe, Bee, Beitris (Scottish), Trix, Trixi, Trixie, Trixy, Venedict, Venetia"
Beattie,Beaty
Beau,"Beal, Bo"
Beaufort,
Beaumont,
Beauregard,Beau
Bebba,
Bebhinn,
Becan,Becin
Becher,Bechor
Bechira,
Beck,
Beda,
Bedaws,
Bede,
Bedelia,
Bedir,"Bedire, Bedyr"
Bedivere,"Bedver, Bedwin, Bedwyn"
Bedrich,
Bedriska,
Beeja,Beej
Beela,Beala
Beeree,
Behira,
Beinish,
Beircheart,
Bel,
Bela,
Belden,"Balidin, Beldan, Beldin, Beldon, Belidan, Bellden, Belldin, Belldon"
Belen,
Beli,"Belie, Bely"
Belia,
Belinda,"Balina, Balinda, Beneta"
Belita,
Bella,"Belle, Bellette"
Bellamy,Bell
Bellanca,"Bianca, Blanca"
Belle,"Bella, Belinda, Bellina, Belva, Billie"
Bello,Belo
Bellona,
Belmiro,Belmyro
Beltana,Beltan
Belvedere,Belvidere
Bem,
Bemidii,
Bemis,
Ben,Benny
Bena,
Bena,
Benaiah,"Benaya, Benayahu"
Bene,
Benedict,"Banet, Banko, Baruch, Ben, Benayt, Bendic, Bendict, Benedetto, Benedicto, Benedictus, Bendikkas (Lithuanian), Benedix, Benek (Hungarian), Bengt, Benito, Bennet, Bennie, Bennt, Benoit"
Benedicta,"Benedetta, Benetta, Benita, Benoite, Bennie, Dixie"
Benes,Bennes
Benigna,
Benita,"Bendite, Benedetta, Benedicta, Benetta, Bennie, Benoite, Binny"
Benito,"Benedo, Benino, Beno, Betto"
Benjamin,"Banjamin, Beathan (Scottish), Ben, Beniamino, Benjamino, Benji, Benjy, Bennett, Bennie, Benny, Binyamin (Arabic), Penmina (Hawaiian)"
Benjiro,
Benoni,Beno
Benson,"Bensen, Bensin, Bensson"
Bentley,"Ben, Bentlea, Lee"
Benton,"Benten, Bentin"
Benzion,Benzi
Ber,
Ber,
Bera,
Berdine,
Berdy,"Berdi, Berdy"
Berecyntia,
Berengaria,
Berenger,Beringer
Beresford,
Berg,"Bergan, Bergen, Bergin, Borg, Borge"
Bergen,"Birgin, Bergin"
Berger,
Berit,Beret
Berk,
Berkeley,"Barclay, Barcley, Berk, Berky"
Bern,"Berne, Bernie, Bjorn"
Bernadette,"Berna, Berndine, Bernadina, Berneta, Bernie, Bernita"
Bernal,"Bernald, Berhald, Bernhold, Bernold"
Bernard,"Barnard, Barnardo, Barnet, Barney, Barnhard, Barnhardo, Bear, Bearnard, Bern, Bernad, Bernaldo, Berngard (Russian), Bernhart (Dutch), Bernie"
Berneen,
Bernia,
Bernice,"Barrie, Bernelle, Bernetta, Berry, Bunny, Nixie, Veronica"
Bernstein,Bernsteen
Berontha,
Berrigan,
Bersh,Besh
Bert,"Bertie, Birt, Burt, Butch"
Bertha,"Berta, Berte, Berthe, Bertie, Bertina, Bertine, Bertuska, Bird, Birdie"
Berthold,"Bert, Berthoud, Bertolde"
Bertil,"Birtil, Burtil"
Bertilde,Bertille
Bertin,"Bertan, Berten, Berton, Burten"
Bertina,
Berton,"Berten, Burton"
Bertrade,
Bertram,"Bart, Bartok, Bartram, Beltran, Beltrano, Berton, Bertrand, Bertranno"
Bertrand,Bertran
Berura,
Berwick,"Berwic, Berwik"
Berwyn,Berwin
Beryl,"Beral, Berrie, Berry, Beryle"
Beshiltheeni,
Beta,"Betka, Betuska"
Bethany,
Bethel,"Bethuel, Bethuna, Bethune"
Bethesda,
Bethia,"Betia, Bithia"
Beti,
Betserai,
Betuel,
Betulah,"Bethula, Betula"
Betzalel,
Beulah,Beula
Beval,Bevil
Bevan,"Beavan, Beven, Bevin, Bevon"
Beverly,"Bev, Beverley, Bevvy, Buffy, Verlie"
Bevin,"Bevan, Beven"
Bevis,"Beauvais, Beavis"
Beyhan,
Beynon,Beinon
Bhakati,
Bhamini,
Bhanu,
Bhanumati,
Bharat,
Bharati,
Bhaskara,Bhaskar
Bhasvan,Bhaswar
Bhavika,
Bhima,Bhama
Bhoja,
Bhuma,Bhumika
Bialas,Bialy
Bian,
Bibi,
Bich,
Bickel,Bikel
Bickford,
Bidelia,"Bedilia, Bidina"
Bienvenida,
Bigtha,
Bijan,"Bihjan, Bijann"
Bilal,"Bila, Billal"
Bilgehan,"Bilge, Han, Kagan, Kaan"
Billie,
Bilyana,Bilyan
Bimbeen,
Bina,
Bina,
Binah,
Binali,
Binda,
Bindus,Bindis
Bing,
Binga,
Bingham,Bingam
Binh,
Bink,Binky
Binti,
Binyamina,
Bira,"Biria, Biriya"
Birch,Birk
Birdie,Bird
Birgit,"Bircit, Birgitta, Birgitte"
Birkett,"Burket, Burkitt"
Birkey,
Birley,
Birney,"Burnie, Burney"
Birtle,
Bisahalani,
Bishamon,
Bishop,
Bishvajit,
Bithron,
Bitki,
Bittan,
Bjorn,
Bkul,
Black,
Blackburn,
Bladina,
Bladud,
Blagden,
Blaine,"Blade, Blane, Blaney, Blayne"
Blair,Blaire
Blaise,"Balas (Hungarian), Biaggio, Blaize, Blase, Blasia, Blasien, Blasius, Blayse, Blaze"
Blake,"Blaik, Blakeley, Blakeney"
Blakely,
Blanche,"Bianca, Bionca, Blanca"
Blanchefleur,
Blanco,
Blanda,"Blandina, Blandine"
Blanford,Blandford
Blasia,
Blath,"Blaithm, Blathnaid, Blathnait"
Blazej,
Bleddyn,"Bleddian, Bleddin"
Bledig,Bledri
Bleniki,
Blessing,
Blima,Blime
Bliss,
Blodwen,Blodwyn
Blondelle,Blondie
Blossom,
Blum,
Blundel,"Blundell, Blunden"
Bly,
Blythe,
Bo,
Boann,
Boaz,"Bo, Boas, Boase"
Bobo,
Bodaway,
Boden,"Bowden, Bowdoin"
Bodil,
Bodnar,
Bodua,
Bodulf,
Bogart,"Bo, Bogey, Bogie"
Bogdan,
Bogdana,
Boguchwal,
Bogumierz,
Bogumil,
Bohdan,"Bogdan, Bogdashka, Bohdon"
Bohumil,
Bohumir,
Bohuslav,
Boinaiv,
Bojan,"Bojanek, Bojek, Bojik"
Bolade,
Bolade,
Bolanile,
Bolanile,
Boleslav,Bolek
Boleslaw,
Bolton,"Boltan, Bolten, Boltin"
Bomani,Boman
Bombala,
Bon,Bono
Bon-hwa,
Bona,
Bonal,"Bonala, Bonell"
Bonar,"Bonnar, Bonner"
Bond,
Bondi,
Bonfilia,
Bong-Cha,
Boniface,"Bonifacio, Bonifacius"
Bonita,"Bo, Bonnie, Nita"
Bonnie,"Bonnibel, Bunny, Bunnie"
Boone,
Booral,Boral
Booth,"Boot, Boote, Boothe"
Bor,
Borak,Borack
Borbala,"Bora, Boriska, Borka, Borsala, Borsca"
Borden,Bordan
Borghild,
Boris,
Borivoj,
Borka,Borkinka
Bornani,Bomani
Boronia,
Borr,
Boryslaw,
Boseda,
Boske,
Bosley,"Bosleigh, Bosly"
Boswell,Bozwell
Bosworth,
Botan,
Botolf,"Botolph, Botulf"
Boupha,
Bour,
Bourey,
Bourne,"Burn, Burne"
Bowen,
Bowie,"Bow, Bowen"
Bowral,Bowrel
Bowyer,
Boyce,
Boyd,
Boyne,Boine
Boynton,Bointon
Bozenka,Bozena
Bozidar,"Bovza, Bovzek"
Bozidara,"Boza, Bozena, Bozka"
Bracha,
Brad,
Bradburn,Bradbourne
Braden,"Bradan, Bradie, Bradin"
Bradford,
Bradley,"Brad, Bradleigh, Bradly, Bradney, Lee"
Bradshaw,
Brady,"Bradie, Bradan"
Brage,Bragi
Brainard,"Bainard, Brainerd"
Bram,Bran
Bramwell,"Brammell, Bramwyll, Branwell"
Bran,"Brand, Brandan, Branden, Brando"
Brand,"Brander, Brandt, Brant, Brantley"
Branda,
Brandeis,
Brander,
Brandon,"Band, Brandin, Brannin, Brannon"
Brandy,
Brangane,Brangan
Brant,Brannt
Bratislav,
Bratumil,
Bravac,"Bravak, Bravoc, Bravock"
Brawley,
Braxton,
Breck,Brexton
Brede,
Breen,"Brea, Breana, Bree"
Brencis,
Brenda,Bren
Brendan,"Brendon, Brennan, Brennen"
Brenna,Bren
Brent,"Brentan, Brenten, Brentin, Brenton, Brentyn"
Bretislav,
Brett,"Bret, Breten, Bretin, Britt"
Bretta,"Bret, Bretin, Britt, Britta"
Brewster,"Brewer, Bruce"
Bria,
Brian,"Briano, Briant, Brien, Brient, Bryon, Rian, Rien, Ryan"
Briana,"Breana, Briela"
Briar,"Brier, Brya"
Brice,Bryce
Brice,
Bridgely,Bridgeley
Bridger,
Bridget,"Begga (Swedish), Biddie, Birget, Birgitta, Bridey, Bridie, Brita, Brigitte, Brigida, Britt, Bryga (Polish), Bryjit"
Brie,"Briena, Briette"
Brigham,"Brigg, Briggs"
Brina,
Brina,"Bryn, Brynna, Brynne"
Brinley,"Brindley, Brinleigh, Brinli, Brynly"
Briona,
Briony,"Bryony, Bronie"
Brisa,Brissa
Brishen,
Brites,
Brittany,"Brett, Britt, Britta, Brittan"
Brock,"Broctn, Broxton"
Brockley,
Broderick,"Brod, Broddy, Brodie, Brodric, Rick, Ricky"
Brodie,Brody
Bromley,
Bron,
Brona,
Brone,"Bron, Broni, Brony"
Bronislava,"Brana, Branislava, Brank, Brona, Bronicka"
Bronson,"Bron, Bronsen, Bronsin"
Bronwyn,"Bronny, Bronwen, Bronya"
Brook,"Brooke, Brookes, Brooks"
Brooke,"Brookie, Brooklyn, Brooks"
Broughton,
Brown,
Bruce,Brucie
Brucie,"Brucina, Brucine"
Bruna,
Brunella,"Brunelle, Brunetta, Brunette"
Brunhilda,"Brinhilde, Brinhilda, Brunhilde, Brynhilda, Brynhilde, Hilda, Hilde, Heidi, Hildie"
Bruno,
Brunon,
Brychan,
Bryn,"Brin, Brinn, Brynna, Brynne"
Bryna,
Brynmor,Bryn
Bu,
Bua,
Buadhach,"Buach, Buagh"
Buchanan,
Buck,Bucky
Buckley,Buck
Budislav,Budek
Buell,Buford
Buena,
Buford,Burford
Bugoneguig,Bagwunagijik
Bundy,
Bunmi,
Bunyan,"Bunyen, Bunyin, Bunyon"
Burac,"Burack, Burak"
Burbank,Berbank
Burch,
Burchard,"Burckhardt, Burgard, Burgaud, Burkhart"
Burdett,
Burdon,
Burford,
Burgess,"Burges, Burgiss, Burr"
Burgundy,
Burian,"Berian, Beryan, Birian, Biryan, Byrian"
Burke,"Berk, Birk, Bourke"
Burleigh,"Burl, Burle, Burley, Byrleigh, Byrley"
Burnaby,"Birnaby, Burnabey"
Burne,"Beirne, Bourn, Burn, Byrn, Byrnes"
Burnell,
Burnet,"Bernet, Burnett"
Burney,"Bernie, Burnie"
Burr,"Burrel, Burril"
Burrell,
Burril,"Bural, Burel, Buril, Burol, Burral, Burrel"
Burris,"Buris, Burys"
Burton,"Bert, Bertan, Bertin, Burt, Burtin"
Busby,
Buseje,
Buthnaya,"Busayna, Buthaynah"
Byford,Biford
Byhalia,
Byram,Biram
Byram,
Byrd,"Bird, Byrdie"
Byrne,"Bern, Berne, Bernes, Burn, Burne, Burnes, Byrn, Byrnes"
Byron,"Beyren, Beyron, Biran, Biren, Biron, Buiron, Byram, Byran, Byren, Byrom"
Cable,"Cabe, Kabe"
Cachet,Cache
Cachi,
Cadal,
Cadao,
Cadby,Cadbey
Caddock,"Caddoc, Cadock"
Cadell,"Cade, Cadel, Caden, Caidel, Caidell"
Cadence,"Cadena, Cadenza, Kadenza"
Cadfan,"Caedfan, Caidfan"
Cadfer,"Caedfer, Caidfer"
Cadhla,
Cadi,
Cadman,"Cadmen, Caedman, Caidman"
Cadmar,"Cadmer, Cadmir, Caedmar, Caidmar"
Cadmus,
Cadwaladr,"Cadwalader, Cadwaladyr"
Cadwallon,Cadwallen
Cady,"Cade, Kady"
Caelan,"Caelen, Caelin, Calan, Calin, Callen, Callin, Caulan"
Caeley,"Calea, Kaela, Kailia, Kayla, Kealy"
Caera,
Caerwyn,Carwyn
Caesar,"Casar, Cesar, Cesare, Cesaro, Kaiser, Sezar"
Caffar,Caffer
Cahil,"Cahill, Kahil, Kahill"
Cahir,Kahir
Cai,
Cai,"Caio, Caius, Cay, Kae, Kai, Kay"
Cailean,"Caelen, Caelin, Cailean, Callin, Kaelen, Kaelin, Kailean, Kallin"
Cailida,Calidora
Cailidora,
Cailin,"Caelan, Caileen, Cailyn, Calunn, Caulin"
Caimilw,
Cain,"Caen, Cainan, Caine, Caineth, Kain"
Cainwen,"Ceinwen, Kayne, Keyne"
Cairbre,
Caislav,Kaislav
Caius,"Cai, Caio"
Cakusola,
Cala,Calan
Calandra,"Cal, Calandria, Callie, Caylan"
Calantha,"Callie, Cally"
Calbhach,Callough
Calca,
Calder,Cale
Caldwell,
Cale,"Cael, Cail, Caill, Kale"
Caleb,"Cal, Cale, Kaleb"
Caledonia,Caledona
Caley,"Calea, Calia, Cally, Kaley"
Calhoun,"Colhoun, Colquhoun"
Calida,"Calla, Calli, Callida, Kalida"
Calla,
Callaghan,Callahan
Callagun,Kallagun
Callan,"Calan, Calen, Calin, Callen, Callin, Callon"
Callidora,
Calligenia,
Calliope,Callia
Callis,Kallis
Callista,"Calla, Callie, Kalesta"
Callula,
Callum,"Caelum, Calum, Colm"
Caltha,
Calumina,Calaminag
Calvert,"Calbert, Kalbert, Kalvert"
Calvin,"Cal, Calvino, Vinnie"
Calvina,Calvine
Calypso,
Cam,
Cambria,"Camber, Camela"
Camden,"Camdan, Camdin, Camdon"
Cameo,
Cameron,"Cam, Camar, Camaron, Cameran, Camron"
Camey,
Camille,"Cam, Cama, Camala, Cami, Camilla, Milla, Mille, Millie"
Camillus,Camillo
Camilo,Camillo
Camline,
Camlo,"Camlow, Kamlow"
Campbell,Cambell
Can,
Canace,
Candace,"Candy, Dace, Dacey"
Candida,"Candy, Candide"
Candra,Candria
Caneadea,
Canice,
Canning,"Cannan, Cannon, Channing"
Canon,"Channing, Canning"
Canowicakte,
Cantara,
Cantrell,
Canute,"Cnute, Kanute, Knud, Knut, Knute"
Caoimhin,Caomhghin
Caolan,
Caprice,
Capucine,
Cara,"Caralie, Carina, Carine, Carissa, Carrie, Kara"
Caradoc,"Caradog, Caradawg, Carartacos, Carthage"
Cardell,
Cardew,Carew
Caresse,
Carey,"Carre, Cary"
Cari,
Carina,"Cara, Careena, Caren, Carin, Kara"
Carinthia,
Carita,Caritta
Carl,"Carle, Carlo, Carlos, Kaarl, Karl, Karlo"
Carleton,"Carl, Carlton, Charlton"
Carlin,Carling
Carlisle,"Carly, Carlyle"
Carma,
Carmel,"Carma, Carmela, Carmelita, Carmie, Carmina, Melina, Melita, Mina"
Carmelo,
Carmen,"Carma, Carmelia, Carmelina, Carmelita, Carmia, Carmie, Carmina, Carmita, Charmaine, Lita, Mina"
Carmichael,
Carmine,
Carnation,
Carnell,
Carney,Kearney
Carnia,"Carni, Carniela, Carniya, Karni, Karnia, Karniya"
Carol,"Carey, Carla, Carleen, Carley, Carlin, Carlita, Carlotta, Carly, Carlyn, Caro, Carola, Carolena, Carolinda, Carrie, Charleen, Charmaine, Charmian, Cheryl, Ina, Lola, Lolita, Lotte, Lottie, Sharleen"
Caroline,"Carel, Carey, Carla, Carleen, Carly, Carlin, Carlina, Carline, Carlita, Carlotta, Caro, Carola, Carol, Carolina, Carolinda, Carolyn, Carrie, Charla, Charlene, Charmain, Charmian, Cheryl, Cherlyn, Ina, Lola, Lolita, Lotta, Lotte, Lottie, Sharice, Sharise, Sharleen, Sharlotte"
Carollan,Carling
Carr,Kerr
Carra,
Carrick,"Carric, Carrington, Karrick, Karric"
Carroll,"Caroll, Carrol, Caryl"
Carson,
Carswell,Carswold
Carter,
Carthach,"Cartagh, Carthage"
Carvell,Carvel
Carver,
Carvey,
Cary,Carry
Carys,
Casey,"Cassie, Cayce, Kasey"
Cashel,Cashell
Cashesegra,Koshisigre
Casilda,
Casimir,"Casimire, Casimiro (Spanish), Kasimir, Kazimierz, Kazimir"
Caslav,Castilav
Casper,"Caspar, Cass, Gaspar, Gaspard, Gasparo, Jasper, Kasper, Kaspir"
Cassandra,"Cass, Cassie, Sandy, Zandra"
Cassia,
Cassidy,"Cassian, Cassion, Casius"
Cassiel,
Cassius,"Cash, Cass, Cassio"
Casta,
Castimir,
Castor,"Caster, Kaster, Kastor"
Catava,
Cathal,"Cathel, Cathol"
Cathbert,"Cudbert, Cumbert, Cuthbrid"
Catherine,"Caitlin, Caitrine, Caitrionia, Caryn, Cass, Cassie, Catalina, Cathleen, Catout (Old French), Catrionagh, Caterina, Cathy, Catuja (Spanish), Cawth (Irish), Ekaterina, Kaatja (Dutch), Kait, Kajsa (Swedish), Karan (Greek), Karen, Kasen (Danish), Kasja, Kaska, Katalin (Hungarian), Katarzyna (Polish), Katchen, Kate, Kateke, Katherine, Kathleen (Irish), Katerina, Kathrinna, Kathy, Katica, Katja (Russian), Katka, Katla, Katlaina, Katreen, Katri (Estonian), Katrien, Katrin, Katrina, Katy, Katya, Kay, Kayla, Kerry, Kitty, Kotinka, Kotrina, Rina, Treinel (Bavarian), Trina, Trinchen, Trine, Trinette, Yekaterina, Ykaterina"
Cathmor,"Cathmore, Cathmoor"
Cato,Kato
Cavan,"Cavanaugh, Caven, Cavin, Cavon"
Cavell,Cavel
Caw,
Cawley,Cawleigh
Ceallach,"Ceallachan, Cillan, Cillian, Keallach"
Ceara,
Cearbhall,
Cecil,"Cacilius (Dutch), Cecilio, Cecilius, Celio"
Cecilia,"Cacilia (German), Cecile, Ceciliane, Cecilija, Cecilla, Cecily, Ceil, Celia, Celie, Celine, Cesia, Cile, Cilka, Cilia, Cilla, Cissie, Sasilia, Sheelah (Irish Gaelic), Sile, Sileas, Sissey, Sissi, Sissie, Sissy, Zilia"
Cedric,"Cadadoc, Caddaric, Ced, Ceredic, Cerdic, Rick, Sedrick"
Cedro,
Ceinlys,
Ceinwen,
Ceitag,
Celandine,
Celeste,"Cela, Celesta, Celestina, Celestia, Celia, Celie, Celina, Celinda, Celine, Celinka, Celka, Tina, Tinka"
Celestin,Celestino
Celosia,
Celyren,
Cemal,
Cencho,
Cephas,Cephus
Cerdic,"Ceradoc, Ceradog, Ceredig, Ceretic"
Cerek,Cerik
Cerelia,Cerella
Ceres,Cerelia
Ceridwen,"Ceri, Cerdiwyn, Seri"
Cerise,"Cherise, Sherise"
Cerys,
Cesarina,"Cesarea, Cesarie, Cesarine"
Ceslav,"Cestislav, Ctislav"
Cetanwakuwa,
Chaanach,
Chad,Ceadd
Chadlai,Hadlai
Chadwick,
Chagiah,"Chagia, Chagiya, Haggiah, Hagia"
Chahaya,
Chahna,
Chai,
Chaim,"Haim, Hayvim, Hayyim, Hy, Hyman, Hymie, Khaim, Manny"
Chaitali,
Chaitanya,
Chal,
Chalil,Halil
Chalina,
Chalmer,"Chalmers, Chamar"
Chamania,"Chamaniya, Hamania"
Chameli,flower
Chan,
Chan,
Chanan,"Chanen, Chanin, Chanon"
Chananiah,
Chance,
Chancellor,"Chance, Chaunce"
Chand,"Chanda, Chandak, Chander, Chandrabha, Chandrak, Chandrakant"
Chandan,
Chander,"Chandani, Chandara, Chandon"
Chandler,
Chandra,"Chanda, Candra, Shandra"
Chandraraj,
Chandresh,
Chane,"Chain, Chaine"
Chanel,Shanel
Chaney,Cheney
Chang,
Chania,"Chaniya, Hania, Haniya"
Chanina,Hanina
Chankrisna,
Channa,
Channing,"Chann, Channe, Channon"
Chantal,"Chantel, Shantal"
Chanti,
Chantou,
Chantrea,
Chanya,Hanya
Chaonaine,
Chaoxing,
Chapa,
Chapawee,
Chapman,"Chap, Chappy, Manny"
Chara,
Charaka,
Charde,
Charis,"Carissa, Charissa, Carisa"
Charissa,
Charity,"Carissa, Carita, Charis, Charissa, Charisse, Charita, Cherry, Sharitye"
Charles,"Alcuin, Cahil (Irish), Cale, Carel, Carl, Carlo, Carlos, Carleton, Carrol, Carroll, Cary, Caryl, Cathal, Chad, Charlie, Charlot, Charlton, Chas, Chaz, Chick, Chip, Chuck, Karl, Karoly, Tearlach (Socttish)"
Charlotte,"Carla, Carleen, Carlie, Carline, Carlotta, Char, Chara, Charlene, Charmian, Cheryl, Carly, Lola, Lolita, Lottie, Sherie"
Charlton,"Carleton, Charleton, Carlton"
Charmaine,Sharmion
Charmian,Charmiane
Charo,Chara
Charu,
Charudata,Charvaka
Charumat,
Chasca,
Chase,Chace
Chashmona,
Chasia,"Chasya, Hasia"
Chasidah,
Chaska,
Chastity,
Chatham,Chathem
Chau,
Chau,
Chauncey,"Chance, Chancey, Chauncy"
Chausiku,
Chava,"Chabah, Chaya, Chayka, Eva, Hava, Haya, Kaija"
Chavi,Chavia
Chaviv,"Habib, Haviv"
Chaviva,
Chaya,
Chayton,
Chazona,
Che-Cho-Ter,
Cheasequah,
Cheauka,
Chebona Bula,
Checha,
Chedra,Hedra
Chelsea,
Chemda,Hemda
Chemosh,
Chen,
Chen,Cheng
Chenche,
Cheney,Chesney
Cheng-Gong,
Chenia,"Chen, Chenya, Henia, Henya"
Chenoa,Shonoa
Chenzira,
Cherie,"Cher, Chere, Cherice, Cherish, Cherry, Sherelle, Sherissa, Sherita, Sherry, Sheryl (Welsh)"
Cheslav,
Chesmu,
Chesna,"Chessa, Chessy"
Chester,"Caster, Chesley, Cheston, Chet"
Chetwin,Chatwin
Chevalier,Chevy
Cheyne,"Chayne, Chane, Chaney, Cheney"
Chezna,Chesna
Chi,
Chiara,
Chidori,
Chik,
Chika,Chica
Chika,Chikako
Chikae,
Chiko,Chico
Chiku,
Chilali,
Chilo,
Chilton,
Chim,
Chimalis,
Chimene,
Chin-Hwa,
Chin-Mae,
Chin-Sung,
Chinara,Chinira
Chinese,
Chintak,
Chintoo,
Chinua,
Chinue,
Chioke,
Chionesu,
Chipo,
Chippia,"Chippiah, Chippya"
Chiquita,"Chicky, Chiquin"
Chiram,
Chiranjiv,Chirayu
Chislaine,
Chisulo,
Chita,
Chitsa,
Chitto,
Chiumbo,
Chiyo,
Chizkiah,"Chizkia, Chizkiya, Chizkiyahu"
Chizu,
Chloe,
Chloris,Cloris
Cho,
Chofa,Chofi
Chokichi,
Cholena,"Cholene, Cholina"
Chonen,
Chong Duy,
Chooli,
Choomia,
Choon-Hee,
Chozai,Hozai
Christabel,Christabella
Christabel,Christabella
Christian,"Chetian, Chretien, Chris, Christiano, Crestian, Kit, Kris, Kristian"
Christina,"Chris, Chrissy, Christa, Christiane, Crystal, Kirsten, Kristy, Tina, Teyna"
Christmas,
Christopher,"Chris, Christo, Christobal, Christof, Christoff, Christoffer, Christoforo, Christoph, Christophe, Christophoros, Christos, Cristobal, Kit, Kris, Kriss, Kristo, Kristofor (Swedish), Kristos"
Chrysander,"Chrisander, Chrysandor"
Chryseis,Chrysilla
Chu,
Chu,
Chu-Hua,
Chui,
Chuioke,"Chike, Chinelo"
Chuki,
Chul,
Chul-Moo,
Chula,
Chulda,"Hulda, Huldah"
Chuma,
Chumana,
Chumani,
Chumin,
Chumo,
Chun,
Chung,
Chung-Ae,
Chung-Cha,
Chung-Hee,Chung-Ho
Churchill,
Chuslum Moxmox,
Chwalibog,
Cian,"Cianan, Kian"
Ciannait,"Ciannata, Cien"
Ciara,"Ceara, Ceira, Ciarra, Ciera, Cierra, Keira, Kiara, Kiera, Kierra"
Ciaran,"Ciardha, Ciarrai"
Cibor,"Czcibor, Gcibor"
Cicero,
Cid,Cidd
Cilombo,
Cinderella,"Cindy, Ella"
Cipriana,"Cipriane, Cyprienne"
Cirilla,
Cirillo,Cyrillo
Ciro,
Clancy,"Clance, Clancey, Claney"
Clara,"Chiara (Italian), Ciara, Clair, Claire, Claireta, Clairette, Clarabel, Claresta, Claretta, Clarice, Clarinda, Clarissa, Clarisse, Clary, Sorcha (Scottish)"
Clarence,"Clair, Clarance, Clarince"
Clarenza,Clarensia
Claresta,Clarest
Clarimond,
Clark,"Clarke, Clerk"
Clarkson,
Claude,"Claud, Claudan, Claudell, Claudian, Claudianus, Claudien, Claudio, Claudius, Claus, Klaudio"
Claudia,"Claudelle, Claudetta, Claudette, Claudina, Claudine"
Clay,
Claybourne,"Claiborn, Claiborne, Clay, Clayburn"
Clayton,
Clea,
Cleaone,
Cleary,Clearey
Cleavon,"Cleaven, Clevon, Kleavon, Klevon"
Cledwyn,
Clelia,
Clematis,
Clement,"Clem, Clemens, Clemente, Clementius, Clemento, Klemens (German), Klement, Kliment"
Clementia,"Clemence, Clementia, Clementina, Clemmie"
Cleo,
Cleon,Kleon
Cleopatra,Clea
Cletus,
Cleva,
Cleveland,"Cleavon, Cleon, Cleve, Clevon"
Cliamain,
Cliantha,
Cliff,Cliffe
Clifford,Cliff
Clifton,Clift
Climena,
Clinton,"Clindon, Clint, Clinten"
Clio,
Cliodhna,"Clidna, Cliona"
Clive,"Cleavon, Cleve, Clyve"
Clodagh,
Clorinda,
Clotilda,"Clothilda, Clothilde, Clotilde"
Clover,
Clovis,
Cluny,
Clure,
Clyde,
Clyde,
Clydri,Clidri
Clymene,
Clytie,
Coahoma,
Cobham,
Coburn,"Cobern, Coburne"
Cochava,
Cocheta,
Cochise,
Cody,"Codie, Kody"
Coilean,Cuilean
Coinneach,
Coiseam,
Colbert,"Calbert, Cole, Colt, Colvert, Culbert"
Colby,
Coleman,Colman
Colette,"Coletta, Nicolette"
Colin,"Colan, Cole, Collin, Colyn"
Colleen,Cailin
Colley,Collis
Collier,"Colier, Colis, Collayer, Collis, Collyer"
Collins,
Colm,
Colter,
Colton,Colston
Columba,"Collie, Colombe, Columbia, Columbine"
Colville,Colvile
Colwyn,Colwin
Coman,Comin
Combara,
Comfort,
Comhghall,
Comhghan,Comdhan
Comyn,Comin
Conaire,
Conal,"Conel, Conell, Connal, Conor"
Conan,"Con, Conant"
Conary,
Conception,"Concepcion, Concha, Conchita"
Conchobar,
Concordia,
Cong,
Conlan,"Conlen, Conley, Conlin, Connlyn"
Conn,
Connal,"Connell, Conal"
Connlaodh,
Connor,"Conor, O'Connor"
Conrad,"Cheudler (Swiss), Conrade, Conrado, Conroy, Currado, Cort, Konrad"
Conradine,"Conrada, Connie"
Conroy,
Constance,"Connie, Constancia, Constantia, Constantina, Kosta, Tina"
Constantine,"Constancio, Constant, Constantin, Constantino, Costa, Costas, Konstantio, Konstanz"
Consuelo,"Chela, Chelo, Consolata, Consuela"
Conway,Conwy
Cooba,
Cook,
Coolalie,
Cooper,Kuepper
Coowescoowe,
Cora,"Corabelle, Corabella, Corake, Corella, Coreen, Corenda, Corette, Corina, Corisande, Corissa, Corrie, Kora, Koreen, Korella, Korenda"
Coral,"Coralee, Corlena, Coralie, Coraline, Coralyn"
Corazon,
Corbett,"Corbet, Corbie, Corbin, Corbit, Cory"
Corcoran,Cork
Cordelia,"Cordelie, Cordella, Cordelle, Cordie, Cordy, Delia, Delie, Della"
Cordelia,"Cordelie, Cordella, Cordelle, Cordie, Cordy, Delia, Delie, Della"
Cordell,Cordel
Cordero,"Cordaro, Cordeal, Cordearo, Cordera, Corderal"
Corey,"Corry, Curry, Kory"
Corissa,
Corliss,"Corlie, Corley"
Cormac,
Cormag,
Cormick,"Cormac, Cormack"
Cornelia,"Nel, Nela, Nele, Nelei, Nella, Nellia, Nellie, Nellya"
Cornelius,"Con, Cornall, Corneille, Cornelio, Cornell, Cornilius, Neil, Nelek (Polish)"
Cornwallis,
Corona,Coronetta
Corowa,
Corrigan,
Corrin,"Corin, Corran, Corren, Corlan"
Cort,"Corty, Kort"
Cortez,
Corvina,
Corwin,Corwynn
Corydon,"Coridon, Corydan, Coryell"
Coryell,
Cosette,
Cosgrove,Cosgrave
Cosima,
Cosmo,"Cosimo, Cosme, Kosmo"
Costa,Kostas
Courtland,Cortlandt
Courtney,"Courtenay, Cortland, Courtnay"
Covell,Covel
Covington,
Cowan,"Coe, Cowen"
Coyan,"Coine, Coyne"
Coyle,
Craddock,"Craddoc, Cradoc, Cradoch"
Craig,Craeg
Crandall,Crandell
Cranley,Cranleigh
Cranston,
Crawford,
Creighton,"Crayton, Crichton"
Creirwy,Crisiant
Crescent,"Crescence, Cresentia"
Cressida,
Cresswell,
Crevan,"Creven, Crevin"
Crispin,"Crepin, Crispino, Crispo, Crispus"
Crispina,
Croft,"Crofton, Kroft"
Crofton,
Cromwell,
Cronan,
Crosby,Crosbie
Crosley,"Crosly, Crossley"
Crowther,
Cruz,
Crystal,"Cristel, Krystal"
Csilla,
Ctibor,Ctik
Cuinn,
Cullen,"Cullan, Cullin"
Cullent,"Cullan, Cullin, Cully"
Culley,Cully
Culver,"Colver, Cully"
Cumhaige,
Cunegonde,Kunegonde
Cunningham,Conyngham
Curcio,
Curra,
Curran,"Curren, Currey, Currin, Curry"
Curroon,
Currumbin,
Curtis,"Curcio, Curt, Kurt"
Cushla,
Cuthbert,
Cutler,
Cuyler,Cuiler
Cveta,
Cwrig,
Cyanea,
Cybele,variation of Rhea
Cyma,Syma
Cynan,"Cinan, Cinen"
Cynara,
Cynddelw,
Cyndeyrn,
Cynric,
Cyprian,"Cipriano, Ciprien"
Cypris,"Cypriana, Cyprienne"
Cyra,
Cyrano,Cyr
Cyrena,
Cyril,"Ciril, Cirilio, Cyrille, Cirillo, Cyrillus, Cyrus, Kiril, Kyril"
Cyrilla,"Ciri, Cirilla, Siri, Sirilla, Syrilla"
Cyrus,"Ciro, Cy"
Cystenian,
Cytherea,
Czenzi,
Czeslaw,Czesiek
Dabir,"Daber, Dabor"
Dabora,"Dalena, Dalenka"
Dacey,"Dace, Dacian, Dacy, Daice, Daicey, Daicy"
Dacia,
Dacso,
Dada,Dadi
Dadgayadoh,
Daegan,"Daigan, Deegan"
Daffodil,
Dag,Dagny
Dagan,Dagon
Dagana,"Dagania, Deganya"
Dagda,
Dagmar,
Dagna,"Dagne, Dagney, Dagny"
Dagwood,
Dahlia,
Dahy,
Dai,
Daibhidh,"Daibhid, Daith, Daithi, Daithm"
Daila,
Daire,
Daisy,
Daivat,
Daivik,
Daiya,Daya
Dak-Ho,
Dakarai,Dakara
Dakota,
Daksh,Dakshi
Dalal,Dhelal
Dalbert,Delbert
Dale,"Adale, Dael, Daile, Daley, Dayle"
Dalfon,Dalphon
Dalila,
Dalili,
Dalit,
Dallan,"Daelan, Daelen, Daelin, Dailan, Dailen, Dailin, Dalan, Dalain, Dallen"
Dallas,"Dal, Dallis"
Dalmace,"Dalma, Dalmassa, Dalmatia"
Dalman,"Dallman, Dallmen, Dalmen, Dalmin"
Dalton,"Daltan, Dalten"
Daly,Dawley
Dalya,"Dalia, Daliya"
Dalziel,
Damaris,"Damara, Damaress, Dameryss, Mara, Mari, Maris"
Damayant,
Damek,"Adamek, Damik"
Damek,"Adamec, Adamik, Adamok, Adham, Damick, Damicke"
Damhnait,"Deonet, Devnet, Downet, Dympha"
Damia,"Damian, Damyana"
Damian,"Daemon, Daimen, Daimon, Daman, Damiano, Damien, Damion, Damon, Damyan"
Damita,
Dan,
Dana,"Dane, Danet, Dayna"
Danae,"Dee, Dene"
Danby,Denby
Dancel,"Dansel, Dansil"
Dandin,"Dandan, Danden, Dandon"
Daniah,"Dania, Daniya, Danya"
Danica,
Daniel,"Dan, Danal, Dane, Daneel (Dutch), Danelo, Danil, Danila, Dannel, Danny, Danyal, Danyel, Tanel, Taniel"
Danielle,"Daniela, Danee, Dani, Danya, Danice"
Danior,
Danladi,
Danno,
Dante,
Danton,D'Anton
Danu,
Danuta,
Danveer,
Dao-Ming,
Daphne,
Dar,
Dara,
Dara,"Darda, Daria"
Daralis,Daralice
Darby,Derby
Darby,Derby
Darcy,"Darcie, D'Arcy, Darise, Darsey, Darsy"
Darcy,"D'arcy, Darcie, Darice"
Darda,
Dareh,
Darel,"Daral, Daril, Darrel, Darral, Darril"
Daren,
Daria,"Dari, Darian, Darice, Darya"
Darice,Daricia
Darile,"Darel, Darele, Daryl"
Darius,"Dairus, Dario, Darrius, Derry"
Darlene,"Dareen, Darelle, Darla, Darrelle"
Darnell,"Darnel, Darnele"
Daron,Daronica
Darpitaa,
Darragh,Darrah
Darrell,"Darral, Darryl, Daryl, Derril, Deryll"
Darren,"Daran, Daren, Darence, Darian, Darien, Darin, Dario, Darion, Daron, Darrin, Darron, Derron, Darryl, Deryl, Deryn"
Darsha,
Darshan,"Darshen, Darshin, Darshon"
Darton,"Dartal, Dartan, Dartei, Dartrel, Darten"
Daru,
Darvell,
Darweshi,
Darwin,"Derwen, Derwin"
Dasan,
Dasha,
Dashiki,"Dashi, Dashia, Deshiki"
Datiah,"Datia, Datiya, Datya"
Daud,
Daudi,Dawud
David,"Dabi (Basque), Dabit, Daevid, Daffyd (Welsh), Dai, Dako, Dauld, Dave, Davie, Davide, Davidos, Davidson, Davin, Davis, Daven, Davon, Dawit, Dawudd (Arabic), Taffy"
Davida,"Davina, Daviana, Davinia, Davita"
Davin,"Davan, Daven"
Davis,"Davidson, Davies, Dave, Davison, Davy, Dawson"
Davor,"Davoran, Davorin"
Dawatha,
Dawn,"Dawna, Dawnita"
Dawson,
Dawud,
Dax,
Day,
Daya,
Dayaa,
Dayan,Daian
Dayana,
Dayanand,
Dayaram,
Dayo,
Dayton,"Daeton, Daiton"
De,
Dea,Deana
Deacon,"Deakin, Dekel"
Dean,"Deen, Dene, Deyn, Dino"
Deanna,"Deana, Deann, Dena, Dina"
Dearborn,Deerburne
Deborah,"Deb, Debbie, Debora, Debra"
Decha,Dech
Decima,
Decimus,
Declan,Dyclan
Deco,
Dede,
Dedrick,"Deadric, Dederic"
Dee,"Dee Dee, Dee Ann, Didi"
Deems,
Degataga,
Degula,
Deianeira,
Deifilia,
Deirdre,"Deardriu, Dedra, Didi, Dee Dee"
Deiter,
Deka,
Dekanawida,Deganawidah
Dekel,"Dekal, Dekil"
Deker,
Delana,"Dalana, Dalena"
Delaney,"Delain, Delaine, Delainey, Delane, Delany"
Delano,
Delbert,"Bert, Bertie, Dalbert"
Delia,
Delicia,"Dee, Dela, Delice, Delisha, Della, Didi"
Delight,
Delija,
Delilah,"Dalila, Lila"
Delle,
Delling,
Delma,
Delman,Delmon
Delmelza,
Delmore,"Delmar, Delmer"
Delphine,Delphinia
Delroy,
Delsin,"Delsan, Delsen"
Delta,
Delton,Dalton
Delwin,"Dalwin, Delavan, Delevan, Delvin"
Delwyn,
Delyth,"Delith, Delitha"
Dema,
Dembe,
Demelza,
Demetria,"Deita, Demetra, Demetris, Demi"
Demetrius,"Demetri, Demetrios, Demetris, Dhimitrios, Dmitri, Dimitrios, Dmitry"
Demos,Demas
Dempsey,Dempsy
Dempster,
Dena,"Denav, Dene, Deneen, Denia, Denica"
Denae,
Denby,"Danbey, Denney, Denny"
Denham,
Denholm,
Denise,"Deni, Denize, Denny, Denyse, Dinny"
Deniz,
Denley,
Denman,
Dennis,"Danas, Den, Denet, Denies, Denis, Dennet, Dennie, Dennison, Deon, Dion, Dionigio, Dionisio, Dionizias (Lithuanian), Dionizy (Polish), Dionysius, Nicho (Spanish)"
Dennison,"Den, Tennyson"
Denton,"Denny, Dent, Dentin"
Denver,Denvor
Denzil,"Denzel, Denziel"
Denzo,Denzio
Deolinda,
Deorsa,
Dequan,
Derek,"Derec, Daric, Derick, Darrick, Deric, Derik, Deryke, Diederich (German), Dirk"
Derica,"Dereka, Derika, Derrica"
Dermot,"Dermott, Diarmid, Diarmuid"
Deror,"Derori, Derory"
Derora,"Derorice, Derorit"
Derrilin,Derilin
Derry,Dery
Derward,"Derwood, Dirwood, Durward, Durwood"
Deryn,"Deran, Deren, Deron, Derrine"
Desdemona,Desmona
Deshi,
Desiree,"Desideria, Desir, Desirat, Desiri"
Desma,
Desmond,Desmund
Dessa,
Destin,"Destan, Desten, Deston"
Destiny,"Destinee, Didiane"
Deva,Devi
Devak,
Deval,
Devanand,
Devany,"Davanfe, Devaney, Devinee, Devony"
Devasha,Devash
Devdas,
Deven,"Deaven, Diven"
Devendra,
Deverell,
Devin,"Dev, Deva, Devinne, Devon"
Devine,
Devlin,"Devland, Devlen, Devlyn"
Devmani,
Devon,"Devan, Deveney, Devona, Devin, Devondra"
Devorgilla,"Dearbhforgail, Diorbhail"
Devraj,
Dewei,
Dewey,Duey
Dewi,
Dewitt,"Dwight, Witt"
Dexter,Dex
Dextra,
Dezba,
Dezydery,
Dhanadaa,
Dhara,"Dharinee, Dharitri, Dharti"
Dhaval,"Dhavlen, Dhavlesh"
Dhimani,"Dheemant, Dhimant"
Diamanta,
Diamond,
Dian,
Diana,"Deana, Deane, Deanna, Dee, Dena, Di, Dian, Diane, Diandra, Dyan"
Diantha,Dianthe
Diarmaid,
Diarmuid,
Dichali,
Didier,
Dido,
Didrika,
Diederik,"Diderik, DIdrik, Dierk"
Dielle,Diella
Diet,
Dieter,"Diehardt, Deirhard"
Dietrich,"Detrich, Didric, Didrick, Diedric, Diedrich, Diedrik, Dierk"
Dieu Hien,
Dieu-Kiem,
Digby,
Digna,Dinya
Dilgon,
Dilip,
Dillon,"Dillan, Dilon, Dylon"
Dilwyn,Dilwin
Dilys,"Dillys, Dylys"
Dima,
Dima,
Din,
Dinah,"Dina, Dyna"
Dinendra,
Dinesh,
Dingbang,
Dinh,Din
Dinh Hoa,
Dinia,Dinya
Dinka,
Dinko,Dincko
Dinsmore,
Diomedes,
Dionne,"Dion, Diona"
Dior,"Diora, Dore"
Dipak,Deepak
Disa,Diss
Dishi,
Dishon,
Dita,
Divina,Divinia
Divon,
Divya,
Divyendu,
Diwali,
Dixie,
Dixon,Dix
Diya,
Diya Aldin,
Diza,Ditza
Do,
Doane,Doan
Doba,
Dobieslaw,
Dobrila,
Dobromierz,
Dobromil,
Dobromila,
Dobromir,
Dobromira,
Dobry,Dobrie
Docila,
Doda,
Dodek,
Dodie,
Dogan,
Dohasan,"Dohate, Dohosan"
Doherty,"Docherty, Dougherty, Douherty"
Dolaidh,Domhnall
Dolan,Dollan
Doli,
Dolores,"Delora, Delores, Deloria, Dolorcita, Dolorcitas, Dolorita, Doloritas, Lola, Lolita"
Dominic,"Demenico, Demingo, Dom, Domenico, Domingo, Domini, Dominie, Nick"
Dominica,"Dominique, Domini, Mika"
Donagh,"Donaghy, Donnchadh, Donogh, Donough"
Donahue,"Donohoe, Donohue"
Donald,"Domnal, Domnall, Donal, Donalt, Donaugh, Donel, Donil, Donnel, Donny"
Donalda,"Domnull, Donia, Dona, Donetta, Donita"
Donat,
Donata,
Donato,
Dong,
Dong-Sun,
Dong-Yul,
Donkor,Donko
Donna,"Dona, Donella, Donelle, Donetta, Donia, Donica, Donnell, Donnie, Ladonna"
Donnag,"Doileag, Dolag, Dollag"
Donnan,Donn
Donnchadh,
Donnelly,"Doneal, Donel, Doniel, Donnell, Donniel"
Donoma,
Donovan,"Donavan, Donevin, Donovon"
Dooley,
Dooriya,
Dor,
Dora,"Dodi, Doralia, Doreen, Dorelia, Doretta, Dorette, Dorrie"
Dorak,"Dorek, Dorik"
Doran,"Dore, Doron, Dorran, Dorren, Dorrin"
Dorcas,
Dore,"Doree, Doreen, Dorine, Doreyn, Dory"
Doreen,
Doreen,Doireann
Dorian,"Doran, Dorien, Dorrian, Dorryen"
Dorinda,
Doris,"Doria, Dorisa, Dorita, Dorrie"
Dorit,Dorita
Dorothy,"Doortje (Dutch), Dot, Dotty, Dolly, Dody, Dorinda, Dorika"
Dotan,Dothan
Doto,
Douce,
Dougal,"Doug, Dougall, Doyle, Dubhghall, Dugal, Dugald, Dugall"
Douglas,"Doug, Dougal, Dougie, Doyle, Dubhglas, Dugaid, Dugald"
Douna,
Dov,
Dover,Dova
Dovidas,
Dow,
Dowanhowee,
Doyle,
Drahomira,
Drake,"Draek, Drago, Draik"
Draupadi,
Dreng,
Drew,"Drewa, Dru"
Drina,
Drisana,
Druce,
Druella,
Drummond,
Drury,
Drusilla,"Dru, Drucie, Drucilla"
Dryden,Driden
Drystan,
Du,
Dua,
Duana,
Duane,"Dewain, Duwain, Dwain, Dwayne"
Duarte,(see Edward)
Dubh,
Dubric,"Dubrick, Dubrik"
Duc,Duoc
Duck-Hwan,
Duck-Young,
Dudee,
Dudley,
Duena,
Duffy,Duff
Dugan,"Doogan, Dougan, Duggan"
Duha,
Duke,
Dukker,
Dulani,
Dularee,
Dulcie,"Delcina, Delcine, Dulce, Dulcea, Dulcy"
Dumaka,
Duman,"Dumen, Dumin"
Dumia,Dumiya
Dumin,
Dumont,
Duncan,"Dunn, Dunc"
Dunham,
Dunley,
Dunlop,
Dunmore,
Dunn,Dunne
Dunstan,
Dunton,
Duoc,
Dur,
Dural,
Durant,"Dante, Duran, Durand, Durante"
Durbin,
Dureau,Durea
Durga,
Durko,
Durriken,
Durril,Duril
Durva,
Durward,Derward
Dusan,"Dusa, Dudanek, Duysek"
Dusana,"Dusa, Dusanka, Dusicka, Duska"
Duscha,
Dustin,"Dustan, Duston, Dusty"
Duval,
Dwight,
Dwyer,
Dwynwen,
Dyami,
Dyani,
Dyer,
Dylan,"Dilan, Dillen, Dillon"
Dyllis,Dilisa
Dymock,Dimock
Dympna,Dymphna
Dynawd,
Dyre,
Dyson,
Dyzek,
Dziko,
Ea,"Eah, Edan, Eth"
Eachan,"Eachann, Eachin, Egan, Egon"
Eadoin,Eadiyn
Eagan,"Egan, Egon"
Eairrdsidh,
Ealahweemah,
Ealaot Wadass,
Ealaothek Kaunis,
Ealasaid,
Ealga,
Eallair,
Eamhair,
Eamon,"Eaman, Eamen, Eamin, Eiman, Eimin, Eimon"
Eanna,
Eanraig,
Eapalekhtiloom,
Earl,"Airle, Earld, Earle, Earlie, Erle, Errol, Rollo"
Earlene,"Earla, Earlie, Erlina, Erline"
Eartha,"Erda, Herta, Hertha"
Easton,Eston
Eaton,"Eton, Eyton"
Eavan,Eavana
Ebal,Ebale
Ebba,
Eben,"Eban, Ebenn"
Ebenezer,"Eb, Ebbaneza, Eben, Eveneser, Ibenezer"
Eberhard,"Eberhardt, Everard, Evrard"
Ebilo,"Ebbo, Ebert"
Ebisu,
Ebo,
Ebony,
Ebun,Ebuna
Eca,
Echo,Eco
Eda,Edda
Eda,"Eada, Eade, Ede"
Edan,"Eadan, Eaden, Eadin, Edin, Edon"
Edana,"Aiden, Dana, Eideann"
Edbert,
Edek,
Edel,Adel
Edeline,
Eden,"Eaden, Eadin, Edin, Edyn"
Edensaw,
Eder,
Edgar,"Ed, Edek, Edgaras (Lithuanian), Edgard, Edgardo, Garek (Polish), Ned, Neddy, Ted"
Ediah,"Edia, Ediya, Edya, Edyah"
Edina,
Edison,"Eddy, Eddie, Eddison, Edson"
Edith,"Eda, Edie, Eyde, Editha, Edithe, Ediva, Edita"
Edlyn,
Edmee,Edme
Edmonda,"Edma, Edmee, Edmunda"
Edmund,"Eadmund, Eamon, Ed, Eddie, Edmon, Edmond, Edmonde, Edmondo, Edmun, Esmond, Ned, Neddie, Ted, Teddy"
Edna,Eddie
Edrea,"Edra, Eidra, Eydra"
Edred,
Edric,"Eddric, Eddrick, Edrick, Edrice"
Edris,"Edrice, Edrica, Edricia"
Edsel,
Edur,
Edwald,
Edward,"Eadbhard, Eadbard, Ed, Eddie, Edic, Edik, Edko, Edouard, Eduardo, Edvard, Edvardo, Edwards, Edzio, Ewart, Ned, Ted, Teddie"
Edwardine,Edwarda
Edwige,"Edvig, Edwig, Hedvig, Hedwig, Hedwige"
Edwin,"Eadwin, Ed, Eddy, Edlin, Eduino, Edwinn, Ned, Neddy, Ted"
Edwina,Edina
Edzard,
Eehu,
Eepa,
Efah,"Efa, Eifa, Eifah, Ephah"
Efia,
Efrata,"Efrat, Ephrat, Ephrata"
Efron,
Ega,
Egan,"Egann, Egin, Egon"
Egbert,
Egberta,"Egbertina, Egbertine"
Egerton,Edgerton
Egidia,
Egidio,
Egidiusz,
Egil,"Egils, Eigil"
Eginhard,"Eginhardt, Egon, Einhard, Einhardt, Enno"
Eglah,Egla
Eglantine,Eglantyne
Egmont,
Ehani,Ehina
Ehawee,
Ehioze,
Ehren,Eren
Ehud,
Eiddwen,"Edwina, Edwine"
Eifah,"Efa, Efah, Eifa, Epha"
Eifion,
Eifiona,
Eigneachan,Ighneachan
Eikki,Eiki
Eilah,"Aila, Ailah, Ala, Ayla, Eila, Eilona, Ela, Elona, Eyla"
Eilam,
Eilif,
Eiluned,Lynette
Eilwyn,"Eilwen, Eilwena"
Eimhear,Emer
Eimhear,
Eimhin,
Einar,"Ejnar, Inar"
Einion,Einwys
Einmyria,
Eir,Eira
Eira,"Eir, Eirwen"
Eiralys,Eirlys
Eirian,Iriol
Eirig,Eyrig
Eiros,Eyros
Eirpne,Eirpna
Eisak,
Eithna,"Aine, Eithne, Ena, Ethnia"
Ekaanta,
Ekala,
Ekana,Etana
Ekeka,Edega
Ekekiela,
Ekela,Etela
Ekela,
Eker,
Ekon,"Ek, Koni"
Ekua,
Ela,
Ela,Ella
Elaine,"Alaina, Alayne, Elain, Elana, Lainey"
Elam,
Elama,
Elamma,
Elan,
Elana,"Elane, Elanna"
Elanora,
Elata,
Elbert,
Elberta,"Alberta, Eberta"
Elchanan,Elhanan
Elden,
Elder,
Eldon,
Eldora,"Eldoree, Eldoria, Eldoris"
Eldred,"Aldrid, Eldrid"
Eldrida,
Eldridge,"Eldredge, Eldrege, Eldrige"
Eleanor,"Alenor, Aline, Annora, Eileen, Elaine, Eleanora, Elenore (German), Elinor, Ellen, Ella, Enora, Helen, Helena, Helene, Lenore, Leonora, Lina, Nell, Nellie, Nona, Nora, Noreen, Norene, Norina, Norine"
Eleazar,"Elazar, Eleasar, Eleazaro, Eli, Elie"
Electra,Elektra
Eleebana,
Eleele,
Elek,"Elec, Elic"
Elele,
Elen,"Elin, Ellin"
Elenek,
Elenola,
Eleri,
Eletta,Elete
Eleu,
Elford,
Elfrida,"Elfreda, Elfrieda"
Elga,"Elviga, Helga"
Elgar,
Elgin,Eljin
Eli,"Elie, Eloi, Ely"
Elia,
Eliane,"Elia, Eliana, Elice, Eline"
Elidi,
Elihu,
Elijah,"Eli, Elia, Eliah, Elias, Elihu, Eliot, Eliyahu, Elliot, Ellis, Elyot, Ilias"
Elika,
Elili,
Eliora,"Eleora, Elleora"
Eliot,"Elijah, Elliot, Elliott, Eliott, Elyot, Elyott"
Elisha,"Eli, Elisee, Eliseo, Elisher, Lisha"
Elisheva,"Eliseva, Elisheba"
Elita,Lita
Elizabeth,"Aliza, Alisa, Alzbeta, Babette, Belita, Bell, Bella, Bess, Bessie, Beth, Betsy, Betta, Bette, Betty, Betuska, Eilis, Elisa, Elisabet, Elisabetta (Italian), Elise, Eliska (Bohemian), Elissa, Eliza, Elka (Polish), Elle, Elsa, Elsbet, Elsie, Elspet, Elspeth, Elzbieta, Helsa, Ilsa, Isabel, Isabella, Leeza, Lib, Libby, Liese, Liesl, Liezel, Lilibet, Lisbeth, Lisette, Lisl, Lisle, Lizka, Lysa, Lyssa, Yelisaveta, Ysabel"
Elizur,
Eljasz,
Eljon,
Elkana,
Elkanah,Elkana
Elke,"Elka, Ilka"
Elki,
Ella,Ellie
Ellard,"Allard, Allerd"
Ellen,
Ellery,"Elarie, Ellary, Ellerey"
Elli,"Elea, Elee"
Ellice,
Ellis,Elis
Ellison,"Ellis, Ellson, Elyson"
Ellsworth,
Elma,
Elma,Elmar
Elman,
Elmer,
Elmo,
Elmore,"Ellmore, Elmoor, Ellmoor"
Eloise,"Aloisa, Aloysia, Heloise"
Elon,
Eloni,
Elora,Ellora
Eloy,Eloi
Elpidios,
Elrad,Ellrad
Elrica,
Elroy,"Elrick, Elrod"
Elsdon,
Elston,
Elsu,
Elsworth,
Elton,"Elten, Eltin"
Eluned,"Elined, Lanet, Lanette, Linet, Luned, Lynette"
Elva,"Ailbhe, Elvia, Elvie"
Elvern,"Elverne, Elvirn"
Elvin,Elwin
Elvina,"Alvina, Elvenia, Vina"
Elvio,
Elvira,"Elva, Elvera, Elvina, Elvire, Elwira, Lira"
Elvis,"Alvis, Elvys"
Elwell,
Elwood,Ellwood
Elwyn,Elwin
Ely,
Elysia,"Eleese, Eliese, Elise, Elisia, Ilysa"
Eme,
Emek,
Emeline,"Emalyn, Embline, Emblyn, Emiline, Emlyn, Emmalee, Emmaline"
Emeni,
Emera,
Emerald,
Emere,Emera
Emerson,
Emery,"Amerigo, Amery, Amory, Emeri, Emerich, Emmerich, Emory"
Emil,"Amiel, Amile, Aymil, Emelen, Emiel, Emile, Emilian, Emiliano, Emilio, Emilion, Emilyan, Emlen, Emlin"
Emily,"Aimil, Amalea, Amalie, Ameline, Amy, Eimile, Em, Ema, Emelda, Emilla, Emmy"
Emina,
Emlyn,
Emma,"Em, Emelina, Emeline, Emmaline, Emmalyn, Emmet, Emmie, Emmot, Emmy"
Emmanuel,"Eman, Emanuele, Immanuel, Immanuele, Maco, Manny, Manuel, Manuelo"
Emmett,Emmet
Emobi,
Emrys,
Emuna,
Emyr,
Enakai,
Enam,
Enan,"Enen, Enin, Enon"
Enapay,
Enda,Endah
Endor,
Endora,
Endotya,Endotah
Enfys,
Engelbert,"Bert, Berty, Inglebert"
Engelberta,Engelbertha
Enid,"Eanid, Enyd"
Enlai,
Enli,
Ennea,
Ennis,
Enoch,Enock
Enoka,
Enomwoyi,
Enosh,Enos
Enrica,"Enrietta, Enriqua"
Enright,"Enrit, Enrite"
Ensor,"Ensar, Enser, Ensir"
Enver,
Enya,Kenia
Enyeto,Enieto
Enyonyam,
Enzi,
Eochaidh,
Eoghania,
Eoin,
Eos,Eosa
Epelaima,
Epena,
Ephraim,"Efraim, Efrain, Efrayim, Efrem, Efren, Ephream"
Epona,Eponia
Eponi,
Eran,"Erin, Eron"
Eranthe,
Erasma,
Erasmus,"Erasme, Erasmo, Ras"
Erastus,"Eraste, Rastus"
Ercole,
Erdogan,
Erebus,
Erel,
Erela,
Erhard,"Erhardt, Erhart"
Erianthe,
Eric,"Ehric, Eirik, Erek, Erich, Erik, Errick, Rick, Rikky"
Erica,"Airica, Enrica, Eraca, Erique, Eyrica, Rica, Ricki, Rika, Rikki"
Eriha,
Eriko,
Erin,"Eran, Ereni, Erinn"
Erina,
Erland,
Erlend,
Erlinda,
Erling,Erlin
Erma,"Ermina, Erminia, Erminie, Irma, Irminia, Hermia, Hermine, Herminie, Hermione"
Ermin,
Ermine,Erminia
Ernan,"Ernen, Ernin, Ernon"
Ernest,"Earnest, Earnesto, Ernesto, Ernestus, Erneszt (Hungarian), Ernie, Erno, Ernst"
Ernestine,"Erna, Ernaline, Ernesta"
Erol,Eroll
Erroman,
Erskine,
Ervin,"Ervine, Ervyn, Erwin, Irvin"
Erwina,Irwina
Eryl,
Esaias,
Esau,
Eshana,
Eshe,
Esi,
Eskaminzim,
Eskil,
Esko,
Esme,Esma
Esmerelda,"Em, Emmie, Emerald, Emerant, Emeraude, Esma, Esmaria, Esmie, Esmiralda, Esmiralde"
Esmond,Esmon
Espen,
Esperanza,"Esperance, Esperantia"
Espowyes,
Essien,
Esta,
Estee,Esta
Esther,"Easter, Essie, Esta, Estelle, Ester, Etty, Hester, Hettie"
Etain,
Etana,
Etenia,
Ethan,"Eathan, Eithan, Etan"
Ethel,"Ethelin, Ethelinda, Etheline"
Ethelbert,
Ethelinda,"Athelina, Ethelenda, Ethelene, Ethelind, Etheline, Etholinda"
Ethelwin,
Ethete,
Ethne,Ethna
Etoile,Etoila
Etsu,"Etsuko, Etsuyo"
Ettore,
Etu,
Etumu,
Etumuye,
Eubh,Eubha
Euclea,
Euclid,
Eudocia,"Docie, Doxie"
Eudora,
Eugene,"Eugen, Eugenio, Eugenius, Evgeny, Ezven (Czech), Gene, Yevgeny"
Eugenia,"Genie, Gene, Gena, Jenna, Jennie"
Eukakio,
Eukepio,Eusebio
Eulalia,"Eula, Lallie"
Eun,Eun-Kyung
Eunice,
Euphemia,"Eadaoine, Effie, Fanny, Phemia, Phemie"
Euroa,
Eurwyn,
Eurydice,Eudyce
Eusebius,
Eustace,"Eustache, Eustachio, Eustachius, Eustachy, Eustasius, Eustazio, Eustis"
Eustacia,"Stacy, Stacie, Stacia"
Evak,
Evalina,"Eveleen, Eveline"
Evan,"Euan, Euen, Evans, Evin, Ewan, Owen, Yvain, Ywaine"
Evander,
Evangeline,"Eve, Eva, Vangie"
Evania,
Eve,"Aoiffe, Eba, Eva, Evaleen, Evelyn, Evetta, Evie, Evita, Neve, Neva, Vica (Hungarian)"
Evelyn,"Aveline, Evaleen, Eveleen, Eveline, Evlin, Evline, Evlyn"
Everard,"Eber, Eberhard, Everardo, Evered, Everett, Everhart, Evrard, Evraud"
Everley,Everleigh
Everton,
Ewald,Evald
Ewan,"Euan, Euen, Ewen"
Ewert,Ewart
Ewing,"Ewin, Ewynn"
Exelby,
Eyanosa,
Eyar,
Eyota,
Eyota,
Eyvar,Eivar
Ezekiel,"Ezechiel, Ezeck, Ezekial, Ezell, Eziakah, Eziechiele, Eziequel, Zeke"
Ezra,"Azariah, Azur, Esdras, Esra, Ezer, Ezri"
Ezrela,Esrela
Fa,
Faas,Fas
Fabayo,
Fabia,"Fabiana, Fabiane, Fabienne, Fabiola"
Fabian,"Faba, Fabar, Fabe, Fabek, Faber, Fabert, Fabiano, Fabio, Fabir, Fabius, Fabyan, Faybien, Fabiusz (Polish)"
Fabrice,"Fabrizio, Fabrizius"
Fabrizia,"Fabrice, Fabricia, Fabrienne, Fabritzia"
Fabron,"Fabre, Fabrizio, Fabroni"
Fachnan,"Fachtna, Faughnan"
Fadey,"Faddei, Fadeaushka, Fadeuka"
Fadi,Fady
Fadil,Fadal
Fadila,Fadilah
Fadl,Fadhl
Fagan,"Fagin, Faigan, Faigin"
Fahd,"Fahad, Fahid"
Fahim,
Fai,"Faya, Faye, Feya"
Faida,Fayda
Faida,Fayda
Faine,"Faina, Fane"
Faipa,
Fairfax,
Faisal,"Faisel, Fasel, Faysal"
Faith,"Fae, Fay"
Faiva,
Fakhr,"Fakhir, Fakhri"
Fakih,
Falah,"Faleen, Falit."
Falak,
Falakika,
Falala,
Falda,Faida
Fale,
Faleaka,
Faline,"Fayline, Felina, Feyline"
Falkner,Faulkner
Fallon,
Falzah,
Fanchon,
Fane,
Fang,
Fang Hua,
Fangaloka,
Fangatua,
Fanua,
Faoiltiarna,
Faolan,"Felan, Phelan"
Faraj,Farag
Faraji,
Fardoos,
Fardoragh,Feardorcha
Fareed,
Farica,
Farid,"Farad, Fared"
Farida,Faridah
Fariha,Farihah
Faris,
Farley,"Fairlay, Fairleigh, Farlay, Farly, Lee, Leigh"
Farnell,"Farnal, Farnald, Fernald, Furnald, Furnall, Furnell"
Farnham,"Farnum, Fernham"
Farnley,"Farnleigh, Farnly, Fernley"
Farold,
Farouk,"Farook, Faruq, Faruqh"
Farquhar,Farquar
Farr,
Farrah,Farra
Farrar,"Farrel, Farrell, Farris, Ferris"
Farrell,"Farrill, Ferryl"
Farron,"Ferron, Ferrin"
Faruq,"Farook, Farocq"
Fathi,Fath
Fathiya,
Fatima,Fatma
Fatin,Fatina
Fatuimoana,
Fau,
Fauiki,
Faust,"Faustino, Fausto, Faustus, Faustyn"
Faustine,"Fausta, Faustina"
Fautave,
Favian,
Favor,
Fawn,"Faina, Fanya, Fauna, Fawna, Fawnia"
Fawz,
Fay,"Faye, Feich"
Fay,"Fae, Faye, Fee"
Fayette,
Fayiz,
Fayola,
Fayruz,
Fayza,"Faiza, Faizah, Fawzia"
Fazl,Faisal
Feagh,
Fealty,
Fearadhach,
Fedlim,Fedlym
Feeli,
Feena,
Fehin,
Feidhlim,
Feige,"Faga, Faiga, Faigel, Feiga, Feigel"
Feilo,
Feivel,
Feke,
Fekitoa,
Felda,
Feleti,
Felice,"Falisha, Felice, Feliciana, Falicie, Felicia, Felicienne, Felicity, Felis, Felita, Felysse"
Felix,"Fee, Felic, Felicio, Felike, Feliks, Feliz, Felizio"
Felora,Felorena
Felton,"Felten, Feltin"
Femi,
Fenella,"Finalla, Fionnula, Fionghuala"
Feng,
Fenia,Fenja
Fenton,
Fenyang,
Feoras,
Ferdinand,"Ferd, Ferdie, Ferdinando, Ferdo, Fernand, Fernando, Ferrando, Hernando, Nando"
Fergal,
Fergus,"Fearghas, Fearghus, Feargus, Fergie, Ferguson"
Fermac,Fearmac
Fermin,"Firman, Firmin"
Fern,
Fernanda,"Anda, Ferdinande, Fern, Fernande, Nan, Nanda"
Fernley,"Farnleigh, Farnley, Fernlea, Fernleigh"
Feronia,Feronie
Feroz,
Ferran,"Feran, Farand, Faran, Farrand, Farrant, Ferand, Ferran"
Ferrand,"Farand, Farrant, Ferrant"
Ferrell,"Ferel, Ferrel"
Ferris,"Farrice, Farrish, Feris"
Festus,
Fetuu,
Fiachra,"Fiacre, Fiach"
Fiala,
Fiammetta,Fia
Fidda,
Fidel,"Fidele, Fidelio, Fidelis"
Fidelity,"Fidela, Fidele, Fidelia"
Fidelma,"Feidhelm, Fedelma"
Fielding,Feilding
Fihaki,
Fikri,
Fikriya,
Filbert,"Bert, Burt, Filberte, Filberto, Fillbert, Philibert, Philiberte"
Filia,
Filimoeika,
Filmore,"Filmer, Fylmer"
Fineen,
Fineeva,
Fineongo,
Fingall,
Finian,"Fionan, Fionn, Phinean, Phinian"
Finlay,"Findlay, Finlea, Finlee, Finley, Finn, Lee, Leigh"
Finn,Fin
Finn,Fin
Finnegan,Finegan
Fiona,
Fionnlagh,
Fiorello,Fiorelli
Fipe,
Firas,"Fira, Firah"
Firdos,"Firdaus, Firdose, Firdoze"
Firoz,"Feroz, Feroze, Firuz"
Firth,
Fisi,
Fisk,Fiske
Fitch,
Fitz,
Fitzgerald,
Fitzhugh,
Fitzpatrick,
Fitzroy,
Fiusa,
Flaminia,
Flaminio,
Flann,"Flannery, Flannin"
Flanna,
Flavia,"Flavie, Flaviere"
Flavian,"Flavel, Flavien, Flavio, Flavius, Flawiusz"
Flawiusz,
Fleming,Flemming
Fleta,
Fletcher,"Flecher, Fletch"
Fleur,"Fleurette, Fleurine"
Flint,
Flo,
Flora,"Fiora, Fiore, Fleur, Flo, Flore, Florella, Floria, Florida, Floris, Florrie"
Florence,"Fiorentia, Fiorenza, Flo, Flora, Floranz, Florencia, Florentina, Florenza (Italian), Floria, Floriane, Florida (Spanish), Florinda, Florry, Floss, Flossy"
Florent,
Florian,
Flower,
Floyd,
Flynn,Flinn
Fokai,
Fokisi,
Fola,Folade
Folade,
Folami,
Folant,
Folau,
Folayan,
Folke,"Folker, Volker"
Foluke,
Foluke,
Fonda,Fondar
Fontaine,"Fontayne, Fonteyne, Fontane, Fontana"
Fonu,
Forbes,
Ford,
Fordel,Fordal
Fordon,"Fordan, Forden, Fordin"
Forrest,"Forester, Forster, Foster"
Fortune,"Fortuna, Fortunata"
Fortune,"Fortunato, Fortunatus, Fortunio"
Foster,
Fowler,
Foy,
Frances,"Cecca (Italian), Ceccina (Italian), Fan, Fanchette, Fancy, Fanechka, Fania, Fannie, Fanny, Fanya, Fran, Franca, Franchette, Franchtje (Dutch), Francie, Francine, Francisca, Franciska (Polish), Franchesca, Francoise, Frankie, Franny, Frantisek (Bohemian), Franulka (Polish), Franzetta, Frazea (Spanish), Pancha (Spanish)"
Francis,"Chico, Feren, Ferenc, Ferencz, Feri, Franas (Lithuanian), Franco, Francesco, Franchot, Francilo, Francisco, Francisek (Bohemian), Francois, Frane, Franio, Frank, Frankie, Franko, Fransisco, Franz, Franzel, Franzen, Frasco, Frascuelo, Frasquito, Paco, Pacorro, Panchito, Pancho, Paquito, Pranco"
Franklin,"Frank, Francklin, Franklyn"
Frayne,"Frain, Fraine, Frean, Freen, Freyne"
Frayne,"Frain, Fraine, Frean, Freen, Freyne"
Frazer,"Fraser, Frazier"
Freda,"Freada, Freida, Frida, Frydda"
Frederica,"Bedriska (Bohemian), Farica, Federica, Fred, Fredalena, Freddie, Frederickina, Frederine, Frederique, Fredia, Fredricia, Frerika, Friederike, Rica, Rickie, Rikki"
Frederick,"Eric, Erich, Erico, Erik, Federico, Federigo, Fred, Freddie, Fredek, Frederico, Frederigo, Friedel, Friedrich, Fridrich, Fritz, Fritzchen, Fritzl, Rick, Ricky"
Freeman,"Freeborn, Freedman, Freeland, Freemon, Friedman"
Fremont,
Frewin,Frewen
Frey,
Freya,Fraya
Frick,Fric
Fridolf,"Freydolf, Freydulf, Fridulf"
Fritz,
Fritzi,
Frode,
Fronde,
Fuad,
Fuanilevu,
Fudo,
Fuhai,
Fuji,"Fujiko, Fujiyo"
Fujo,
Fukayna,
Fulande,Fulangi
Fulbright,"Fulbert, Philibert, Philbert"
Fuleheu,
Fuller,
Fulton,
Fulumirani,
Fulvia,
Funsan,
Fushen,
Fusi,
Futkefu,
Fuyu,Fuyuko
Fyfe,Phyfe
Fynn,"Fin, Finn"
Fyodor,"Fedor, Feodor, Fyodr"
Gabriel,"Gabby, Gabe, Gabela, Gable, Gabor, Gabrielli, Gabriello, Gavra (Slavic), Gavriel, Gavril, Gavrilo, Jibrial (Arabic)"
Gabrielle,"Briella, Brielle, Gabby, Gabriela, Gavra, Gavrielle"
Gad,
Gada,
Gadi,
Gadiel,
Gaea,"Gaia, Gaya"
Gaenor,
Gaetan,"Gaetano, Kajetan"
Gaetan,
Gaetana,Gaetane
Gafna,
Gage,
Gahuj,
Gair,"Gaer, Geir"
Gaius,
Gala,Galla
Galahad,
Galatea,
Galbraith,"Galbrait, Galbreath"
Gale,"Gael, Gayle"
Gale,
Galegina,
Galen,"Galeno, Gaylon"
Galena,
Gali,Galice
Galiena,Galiana
Galilani,
Galina,Galya
Galla,
Gallagher,
Gallia,Galla
Galloway,Gallway
Galt,"Galtero, Gaultier, Gautier"
Galton,
Galvin,"Gallven, Galven"
Galya,"Gallia, Gallya"
Gamal,"Gamali, Jamal, Jemaal, Jemal"
Gamaliel,
Gamba,
Gambhira,
Gamble,
Gamlin,
Gan,
Ganan,"Ganana, Ganen"
Gandhi,
Gandolf,
Ganeodiyo,
Ganesa,
Ganesh,
Ganit,"Gana, Ganice"
Gannon,"Ganon, Ganan, Gannan"
Ganundalegi,
Ganya,
Garai,
Garakonthie,
Garbhan,Garvan
Gardenia,
Gardner,"Gardiner, Gardie"
Gareth,"Garith, Garyth"
Garfield,
Gariana,
Garibaldo,Garibald
Garima,
Garland,Garlen
Garland,
Garman,
Garner,Garnier
Garnet,
Garnett,
Garnock,
Garrick,"Garek, Garik, Garryk"
Garrie,"Garri, Garry, Gary"
Garroway,Garraway
Garson,
Garth,
Garton,
Garvey,Garvy
Garvin,
Garwood,Woody
Gary,"Garey, Garry"
Gaston,Gascon
Gaurav,
Gauri,
Gauthier,"Galtero, Gaultier, Gautier, Gualterio, Gualtiero"
Gavin,"Gavan, Gavyn, Gawain, Gawen, Gwaine"
Gavra,Gavril
Gavrilla,
Gawain,Gwayne
Gawasowaneh,
Gawath,
Gay,Gaye
Gayadin,
Gaylord,"Gaillard, Gallard, Gay, Gayler, Gaylor"
Gaynor,"Gainer, Gayner, Gaynnor"
Gaynor,"Gaenor, Gayna, Gayner"
Gaynwawpiahsika,Gaynwah
Gayora,
Gaytahkipiahsikah,
Gazella,
Gazit,
Geary,Gery
Geb,
Gedaliah,"Gedalia, Gedaliahu, Gedalya"
Geela,
Gefaniah,"Gefania, Gefanya, Gephania"
Gefen,"Gafna, Gafnit, Gaphna, Geffen"
Gefjun,"Gefion, Gefjon"
Gelasia,
Gelelemend,
Gelilah,"Gelalya, Gelilia"
Gellies,
Gelya,
Gemalli,Gemali
Gemini,"Gemelle, Gemina"
Gemma,Jemma
Gen,
Genesee,
Genesis,"Genessa, Genisa, Genisia, Jenessa"
Geneva,"Gena, Genevra, Ginebra, Ginevra, Ginevre, Janeva, Janevra"
Genevieve,"Gena, Geneva, Geneve, Genivieve, Gennie, Genovera, Gewnoveva, Gina, Janeva, Jenny"
Genna,
Gennaro,
Gennisheyo,
Genos,
Genty,
Geona,Geonit
George,"Djuro (Slavic), Egor, Egorka, Georas, Geordie, Georg, Georgas, Georges, Georgios, Gergel, Giorgio, Goran, Gorej, Gyuri, Igor, Jaris, Jerzy, Jiri, Jois (Dutch), Jorg, Jorgan, Jorge, Jorgen, Jorrin, Jur, Juraz, Jurgen, Jurek, Jurgi, Juri, Jurik, Yuri, Yurik, Ygor"
Georgia,"Georgeann, Georgeanne, Georgina, Georgetta, Georgette, Georgianna, Giorgia, Giorgina, Giorgyna, Jorgina"
Geraint,
Gerald,"Garald, Garcia, Garold, Gary, Gearalt, Geraldo, Gerard, Geraud, Gerek, Gerhard, Gerik, Gerrard, Gerry, Giraud, Jerold, Jerry"
Geraldine,"Deena, Dina, Dyna, Geralda, Geraldene, Geraldina, Geralyn, Geri, Gerianna, Gerianne, Gerilynn, Gerri, Giralda, Jere, Jerry"
Geranium,
Gerard,"Garrard, Garrat, Garrett, Gearard, Gerardo, Geraud, Gerhard, Gerhardt, Gerry, Gherardo"
Gerda,Garda
Gerlach,
Germain,"German, Germane, Germano, Germayn, Jermain, Jermaine"
Germaine,"Germana, Germane"
Germina,"Gemini, Geminia, Germinie"
Gersemi,
Gershom,"Gersham, Gershon, Gerson"
Gertrude,"Geitruda (Italian), Geltruda, Gerda, Gert, Gerta, Gerte, Gertie, Gertina, Gertraud, Gertruda, Gertrudis (Spanish), Traudl, Trude, Trudi, Trudie, Trudy"
Gerushah,Gerusha
Gervase,"Garvas, Garvey, Gervais, Gervaise, Gervaso, Gerwazy, Jarvey, Jarvis, Jervey"
Gerwyn,Gerwen
Geshem,
Gethin,"Geth, Gethen"
Geva,
Gevariah,"Gevaria, Gevarya, Gevaryah, Gevaryahu"
Gevirah,Gevira
Geysa,Geisa
Ghada,Ghayda
Ghadir,
Ghalib,
Ghaliya,
Ghassan,
Ghayth,Ghaith
Ghazi,
Ghita,
Ghoshal,Ghoshil
Ghufran,
Gi,
Gia,
Giacinta,Jacinta
Gianina,"Gianetta, Giannine, Ginetta, Ginette, Janine, Jeannine"
Gibidh,
Gibor,
Giborah,
Gibson,"Gibb, Gibbs, Gilson"
Gideon,"Gideone, Hedeon"
Gifford,Gifferd
Gig,
Gilad,Gilead
Giladah,"Galat, Geela, Gila, Gilia"
Gilam,
Gilana,
Gilbert,"Bert, Bertie, Burt, Gib, Gil, Gilberto, Gilibeirt (Irish), Giselbert, Giselberto, Giselbertus, Guilbert"
Gilberta,"Berta, Bertie, Gigi, Gilbertia, Gilbertina, Gilbertine, Gillie, Gilly"
Gilby,Gilbey
Gilchrist,
Gilda,
Giles,"Egede, Egide, Egidio, Egidius, Egidus, Gide, Gil, Gilles"
Giliah,"Giliya, Gilliyah"
Gillean,"Gillan, Gillen, Gillian"
Gillespie,Gillis
Gillett,"Gelett, Gillette"
Gillian,"Gilian, Gillaine, Gillan, Gillianne, Gillie, Giulia, Jillaine, Jillian"
Gilmer,
Gilmore,Gilmour
Gilon,
Gilroy,"Gilderoy, Gildray, Gildroy"
Gilsey,
Gilus,
Gin,
Ginger,
Ginton,
Giralda,
Girioel,
Girisa,
Girra,"Gira, Gyra"
Girvin,"Girvan, Girven"
Gisa,"Gissa, Gisse, Giza"
Giselle,"Ghisele, Gisele, Gisella, Giza, Gizela"
Gita,"Geeta, Geetika, Gitanjau"
Gitana,"Gitane, Gitanna"
Gitano,
Gitel,"Gitela, Gitele"
Gituska,
Giulia,"Giula, Giuliana, Giulietta, Julia, Juliana, Juliet, Julietta"
Giuliano,Giulio
Giustinia,Giustina
Givola,
Givon,
Gladwin,
Gladys,"Gladdis, Gladi, Gleda"
Gladys,"Glad, Gladi, Gwladys, Gwyladyss"
Glaisne,
Glanville,
Glaukos,
Gleda,
Glendon,"Glendan, Glendin, Glenton, Glyn"
Glenn,"Gleann, Glenny, Glin, Glynn"
Glenna,"Glenda, Glynis, Glynnie"
Glenville,
Gloria,"Gloree, Glorie, Gloriana, Glory"
Glorvina,
Glyndwr,
Glynis,Glinyce
Gobind,
Gobinet,"Gobnait, Gobnata"
Goddard,"Godart, Goddart, Godhart, Godhardt, Gothart, Gotthart"
Godfrey,"Godefroi, Godofredo, Goffredo, Gottfrid, Gottfried"
Godiva,
Godwin,"Godewyn, Goodwin"
Gofraidh,
Gohachiro,
Goitsemedime,
Golda,"Goldarina, Goldie, Goldina, Goldia"
Golding,
Goldwin,Goldwyn
Goliath,
Goma,
Gomda,
Gomer,
Gomez,
Gommata,
Gondol,
Gonza,
Gonzalo,"Goncalve, Gonsalve, Gonzales"
Gopal,
Gopi,
Gordon,
Gore,
Gorm,
Gorman,
Goro,
Gosheven,
Gotam,
Gotardo,
Gough,
Govert,
Gower,
Gowon,"Gowan, Gowen"
Goyathlay,
Gozal,Gozol
Gozala,
Grace,"Engracia, Gracia, Graciana, Gracie, Gratia, Gratiana, Grazia"
Grady,"Gradea, Graidey"
Graham,"Graeme, Grahame, Grahim"
Grainne,Grania
Granger,"Grainger, Grange"
Grant,"Grantham, Grantley"
Grantland,"Grantleigh, Grantley, Grantly"
Granville,Grenville
Gray,Grey
Grayson,"Graydon, Greydon"
Greeley,"Greeleigh, Greely"
Greenwood,
Greer,
Gregoria,
Gregory,"Graig, Greer, Greg, Gregoire, Gregor, Gregorio, Gregorius, Gregos, Grigor, Grigori, Grigoris, Grisha, Grzrgorz"
Gresham,
Gressa,
Gretna,
Greville,
Griffin,"Griff, Griffon, Gryphon"
Griffith,
Grimshaw,
Grindal,
Griselda,"Chriselda, Griseldis, Grishelda, Grishilde, Gryzelda, Selda, Zelda"
Griswold,Griswald
Grosvenor,
Grover,
Guda,
Gudrun,"Gudren, Gudrin, Gudruna"
Guida,
Guildford,"Gilford, Guilford"
Guinevere,"Gaenna, Gaynor, Genevieve, Genna, Gennie, Ginevra, Guenever, Guenna, Guennola, Guinna, Gwen, Gweniver, Gwennie, Gwennola, Gwennora, Gwennore, Gwyn, Janifer, Jen, Jenilee, Jennifer, Jenna, Jennalyn, Jennelle, Jennica, Jenniver, Jenny, Vefa (Bavarian), Wendie, Wendy, Win, Winne, Winny"
Guire,
Gul,
Gulbahar,
Gulcan,
Gulendam,
Guler,
Gulla,
Gullu,
Gulnaz,
Gulshan,
Gultekin,Kul Tigin
Gulten,
Gulzar,
Gunadhya,Gunaadhya
Gunhilda,"Gunhilde, Gunilda, Gunilla"
Gunther,"Guenter, Geunther, Gun, Gunnar, Gunner, Guntar, Gunter, Guntero"
Guntur,
Gur,
Gurice,Gurit
Gurion,
Gurit,
Gurley,"Gurli, Gurly"
Gurpreet,
Guryon,
Gustava,"Gustha, Gussie"
Gustave,"Gus, Gust, Gustaf, Gustaof, Gustav, Gustavo, Gustavus, Gustus, Gusztav"
Guthrie,"Guthre, Guthree"
Gutierre,
Gutpagho,
Guy,Guido
Guyapi,
Guyra,Guira
Gwandoya,
Gwatcyn,Gwatkin
Gwenda,
Gwendolyn,"Guenna, Gwen, Gwendaline, Gwenette, Gwenyth, Wendy, Win, Winne"
Gweneal,
Gwenfrewi,
Gwenluan,
Gwerful,Gwerfyl
Gwern,
Gwesyn,
Gwidon,
Gwun,Gwuna
Gwyneth,"Gweneth, Gwenith, Gwineth, Gwynna, Gwynne, Winny, Wynn"
Gwynn,Gwin
Gwythyr,Gwydyr
Gyan,Gyani
Gyanda,
Gyandev,
Gyantwaka,
Gyasi,
Gylfi,
Gypsy,
Gytha,
Gytha,
Gyula,Gyala
Ha,
Haakon,"Haakan, Hagen, Hakan, Hakon"
Habib,
Habiba,Habibah
Habimana,Habimama
Hachehi,
Hachi,
Hachiuma,
Hackett,"Hacket, Hackitt"
Hackman,
Hadad,Haddad
Hadara,"Hadaria, Hadarah"
Hadassah,
Hadawako,
Hadden,"Hadan, Haddon, Haden, Hadon"
Hadi,"Had, Hadd"
Hadil,
Hadiya,
Hadley,"Hadleigh, Hadly, Leigh"
Hadria,"Hadrianna, Hadrien, Hadrian"
Hadriel,Hadriell
Hadwin,"Hadwen, Hadwinn"
Hadya,
Hae-Won,
Hafiz,
Hafoka,
Hafsah,Hafza
Hafwen,"Hafwena, Hafwina"
Hagar,Haggar
Hagen,"Hagan, Haggan"
Hagia,"Hagice, Hagit"
Hagley,"Haglea, Hagleigh"
Hagne,
Hahau,
Hahn,
Hahnee,
Hahtalekin,
Hai,
Haidar,
Haidee,"Hadia, Hady, Haydee"
Haido,
Haig,
Hailama,Haliman
Haiwee,Haiwi
Hajar,Hagir
Hajj,Haji
Hak-kun,
Hakadah,
Hakan,
Hakan,
Hakim,"Hakeem, Hakiem"
Hakiziana,
Hakon,"Haaken, Haakin, Haakon, Hakan, Hako"
Hakumele,
Hala,Halah
Hala,
Halapolo,
Halapua,
Halatoa,
Halbert,"Hal, Halburt"
Halcyone,Halcyon
Haldan,"Haldane, Halden, Halfdan, Halvdan"
Haldana,Haldane
Hale,"Hal, Hayle"
Halen,Hale
Haley,Hailey
Halford,
Halfrida,
Hali,"Haley, Haly"
Halia,
Haliaka,Haliakak
Halian,
Halifax,
Halil,
Halim,Haleem
Halima,Haleema
Halimah,
Halimeda,"Hallie, Meda"
Halku,
Hall,
Halla,"Hala, Hallia"
Hallalhotsoot,
Hallam,
Hallan,"Halan, Halen, Halin, Hallen, Hallin"
Halley,"Halleigh, Hally"
Hallie,
Halliwell,
Hallward,
Halola,Harola
Halolani,
Halona,Allona
Halputta Hadjo,
Halsey,"Halse, Halsy"
Halstead,Halsted
Halton,Halten
Halvor,Halvar
Ham,
Hama,Hamako
Hamadi,Hamidi
Hamal,Hamil
Hamar,"Hama, Hamer"
Hamid,"Haamid, Hamadi, Hamidi, Hammad"
Hamida,Hamidah
Hamidi,
Hamill,"Hamel, Hammill"
Hamilton,"Hamel, Hamil"
Hamish,
Hamisi,
Hamlet,"Hamelin, Hamil, Hamlin, Hammett, Hammond, Hamnet"
Hamlin,"Hamblin, Hamelin, Hamlen, Hamlyn"
Hammond,"Hamon, Hamond"
Hamund,
Hamza,
Hana,"Hanae, Hanako"
Hanako,
Hanan,
Hanauhou,
Hanauhoulani,
Hanbal,"Hanbel, Hanbil"
Hanele,"Hanal, Hanalla, Hanella"
Hanford,
Hang,
Hani,
Hania,Haniya
Hanif,Haneef
Hanifa,Hanifah
Haniyya,
Hanley,"Handlea, Handleigh, Hanlea, Hanly, Henleigh, Henley"
Hannah,"Ana, Anci (Hungarian), Ania (Polish), Ann, Anna, Annaka (Swedish), Chana, Hana, Hanita, Hannele, Hannie, Henna, Honna, Nan, Nannie"
Hannibal,"Anibal, Hanibal"
Hanraoi,
Hans,John
Hansa,"Hansika, Hansila"
Hansine,
Hanson,"Hansen, Hanssen"
Hansrat,
Hantaywee,
Hanuman,
Hanya,
Hao,
Hao Ngoc,
Haoa,
Haqikah,
Hara,
Harah,
Haralda,"Hallie, Harelda, Heralda"
Haram,
Harath,Harith
Harb,
Harbin,"Harban, Harben"
Harcourt,Harcort
Harden,"Hardin, Harding, Hardon, Hardun, Hardy"
Harding,
Hardwin,Hardwen
Hardy,"Harden, Hardey, Hardin, Harding"
Harel,"Haral, Harell, Hariel, Harrel, Harrell"
Harford,Hareford
Hargrove,"Hargrave, Hargreaves"
Hari,
Hari,"Hariel, Harin"
Harim,Hareem
Harish,Haresh
Harita,
Harith,
Harjeet,
Harkin,"Harkan, Harken"
Harlan,"Harland, Harle, Harlen, Harlin"
Harley,"Arlea, Arleigh, Harlan, Harlea, Harleigh, Harly"
Harlow,Arlo
Harmens,
Harmony,"Harmonia, Harmonie"
Haro,
Harold,"Arald, Araldo (Italian), Aralt (Irish), Aroldo, Arry, Garald, Garold, Hal, Haldon, Harailt (Irish), Harald, Haraldas, Haralds, Haroldas, Harry, Herold, Herrick"
Haroun,"Haaroun, Haarun, Harin, Haron, Harun"
Harper,
Harriet,"Harrie, Harietta, Harriot, Hatsie, Hattie"
Harrington,
Harrison,"Harris, Herris"
Harrod,Harod
Harsha,"Harshida, Harshika, Harshina"
Harshad,
Harshal,
Hart,"Harte, Hartley, Hartwell, Hartwig"
Hartford,
Hartley,"Hartlea, Hartleigh, Hartly"
Hartman,
Hartwell,"Harwell, Harwill"
Haru,Haruko
Harue,
Harun,Haroun
Harvey,"Harve, Herve, Hervey"
Harwood,
Hasad,Hassad
Hasana,
Hasanati,
Hasant,"Hasan, Hasin, Hassan, Hassani, Husani"
Hashim,Hasheem
Hashkesh Naabah,
Hasia,Hasya
Hasib,
Hasika,
Hasim,"Hasam, Hasem"
Hasin,"Hasen, Hassin"
Hasina,
Haskel,"Chaskell, Haskell, Heskel"
Haslett,"Hazlett, Hazlitt"
Hasna,
Hassan,Hasan
Hastin,"Hastan, Hasten"
Hastings,"Hastie, Hasty"
Hatchootucknee,
Hatdar,"Haidar, Haydar, Hayder, Hyder"
Hateya,
Hatfez,
Hathor,Hathora
Hathshira,
Hatim,
Hatsu,
Hau,
Haukea,Haukya
Haulani,
Hauma,Halimah
Haunani,
Hauoli,
Hausu,
Havea,
Havel,"Hava, Havelek, Havlik"
Havelock,
Haven,"Hagan, Hagen, Hagin, Havin, Hogan"
Havgan,"Havgen, Havgin, Havgon"
Havika,
Haviva,
Hawa,
Hawley,"Hawleigh, Hawly"
Hawthorne,Hawthorn
Haya,
Hayat,
Hayden,"Hadan, Haden, Hadin, Haydn, Haydin, Haydon"
Hayes,"Haise, Haize, Hays"
Hayfa,
Hayley,"Hailea, Haleigh, Haylea"
Haytham,Haitham
Hayward,Heyward
Haywood,"Heywood, Woody"
Hazel,"Haizel, Hazal, Hazelle"
He-ping,
He-Ran,
Heath,
Heathcliff,
Heathcote,
Heather,
Heaton,
Hebe,Hebia
Heber,"Hebar, Hebor"
Hector,"Ector, Ettor, Ettore, Hektor"
Hedda,"Heda, Heddie, Hedvig, Hedviga, Hedvige, Hedwiga, Hedwige, Hedy"
Heddwyn,"Heddwen, Heddwin, Hedwen, Hedwin"
Hedeon,Hedion
Hediah,"Hedia, Hedya"
Hedley,"Headley, Headly, Hedly"
Hedvika,
Hedwig,"Edo, Edwig, Eide, Hedda (German)"
Hedy,
Hee-Young,
Heimdall,
Heinmot Ilppilp,
Heinmot Tooyalakekt,
Heinmot Tosinlikt,
Hekeka,Heketa
Helaku,
Heledd,Hyledd
Helen,"Alena (Slavic), Alina, Eibhlin, Eileen, Eleanor, Elena (Italian), Eleni, Elinor, Elinora, Ellen, Ellena, Elnora, Lena, Nora, Galina (Slavic), Halina (Slavic), Helene, Helenka, Jalana (Russian), Jelena (Russian), Laine, Leonore, Lana, Valenka, Yalena, Yelena, Yilina"
Heleuma,
Helga,Olga
Helia,
Helice,
Helier,
Helki,
Helma,Hilma
Helmut,Helmuth
Helsa,
Heltu,
Hemachandra,
Hemali,
Heman,Hemen
Hematute Hikaith,
Hembadoon,
Hemene,
Hemene Ilppilp,
Hemene Moxmox,
Hemolelekeakua,
Henderson,"Hendrie, Hendries, Hendron, Henryson"
Heneli,
Henley,
Henrietta,"Eiric (Scottish), Enrichetta, Enrichette, Enriqueta, Etta, Ettie, Hatsie, Hattie, Hendrika, Henia, Henie, Henka, Henrinka (Swedish), Yetta, Yettie"
Henry,"Arrigo, Eanruig (Scottish), Endrickas (Lithuanian), Enric, Enrico, Enrikos, Enrique, Enskys, Enzio, Ezio, Hal, Hank, Harry, Heike, Heindrick, Heiner, Heinrich, Heinrick, Heinz, Hendrick, Hendriks, Henerick, Henning, Henri, Henrik, Henrikus, Henrique, Henryk, Hinrich"
Hepzibah,"Chepzibah, Eppie, Hepsie"
Hera,Heria
Herbert,"Bert, Bertie, Erberto, Harbert, Hebert, Herb, Herbertus, Herbie, Heribert, Heriberto"
Hercules,"Ercole, Herakles, Hercule, Herculie"
Herleif,"Harlief, Herlof, Herluf"
Herlindis,
Herman,"Armand, Armando, Armanno, Armin, Ermanno, Ermas, Erme, Ermin, Ermolaj (Russian), Harman, Hermeli, Hermie, Hermon"
Hermione,"Hermia, Erma"
Hermosa,
Herod,
Heromin,
Herrick,"Harrik, Herick, Herryk"
Hershel,"Hersch, Herzl, Hirsch, Hirschel"
Hertha,"Eartha, Erda, Herta"
Hertz,Herts
Herzog,
Hesper,Hespera
Hesperos,Hespero
Hester,
Hestia,
Hesutu,
Heta,
Hetnmot,
Heulwen,
Hevel,
Hewitt,
Hewlett,Hewlitt
Hewney,"Aney, Oney, Owney, Oynie, Uaithne"
Hewson,
Hezekiah,
Hialeah,
Hialmar,
Hiamovi,
Hiawassee,
Hiawatha,
Hiba,
Hibah,
Hibernia,
Hibiscus,
Hide,
Hideaki,
Hideo,
Hien,
Hieremias,
Hieronymus,
Hieu,
Hiew,
Hifo,
Hiilani,
Hika,
Hikari,
Hikila,
Hikmat,
Hikuleo,
Hilal,
Hilaria,
Hilary,"Alair, Hilar, Hilaire, Hilario, Hilarion, Hilarius, Ilario"
Hilaua,
Hilda,"Hild, Hildy"
Hildebrand,
Hildegarde,"Helle, Hilda, Hilde, Hildegunn, Hille"
Hildemar,
Hildreth,Hildred
Hillard,"Hillier, Hillyer"
Hillel,
Hillevi,
Hilliard,"Hiller, Hillierd, Hillyard, Hillyer, Hillyerd"
Hilmar,"Hillmar, Hilmer"
Hilton,
Himani,
Himeronim,
Himesh,
Himslehkin,
Hina,
Hinda,
Hine,Hina
Hinemoa,
Hinmaton Yalatkit,
Hinookmahiwikilinaka,
Hinto,
Hinun,
Hipakeiki,
Hippolyte,"Hippolit, Hippolitos, Ippolito"
Hiral,
Hiram,"Ahiram, Hi, Hirom, Hyrum"
Hiriko,
Hiriwa,
Hirohito,
Hiroko,
Hiromasa,
Hiroshi,
Hisa,
Hisano,
Hisham,
Hisoka,
Hiti,
Hitoshi,
Hiuwe,"Hiu, Huko"
Hiva,
Hiwahiwakeiki,
Hiyatommon,
Hjordis,
Hlin,
Ho,
Ho-Sook,
Hoa,
Hoaalohakupaa,
Hoaka,
Hoalohalani,
Hoalohanani,
Hoang,
Hobson,
Hoc,
Hod,
Hodaka,
Hoder,Hodur
Hodgson,
Hoffman,
Hogan,
Hohanonivah,
Hohots,
Hohots Ilppilp,
Hoku,
Hokualohi,
Hokuao,
Hokuaonani,
Hokulani,Hoku
Hola,
Holata,
Holbrook,Brook
Holcomb,
Holda,"Holde, Holle, Hulda"
Holden,Holdin
Holic,Holik
Holisi,
Holla,
Holleb,"Hollub, Holub"
Hollis,Hollace
Holly,
Holman,"Hollman, Hollmen, Holmen"
Holmes,"Holm, Hume"
Holomakani,
Holt,
Homer,"Holmer, Homar, Homeros, Homerus, Omero"
Hondo,
Hone,
Honekakala,
Honey,
Hong,
Honi,
Honon,
Honora,"Honor, Honorata, Honoria, Honorine, Nora, Norine, Norry"
Honore,"Honorius, Honoratus"
Honovi,
Honza,
Hoolana,
Hoong,
Hop,
Hope,
Hopi,
Horace,"Horacio, Horatio, Horatius, Horaz, Horazio, Oratio, Orazio"
Horatia,Horacia
Horimir,
Horst,Hurst
Hortense,"Hortensia, Hoetenspa, Ortensia"
Horton,Horten
Horus,
Hosa,
Hosea,Hosiea
Hoshi,"Hoshie, Hoshiko, Hoshiyo, Hosiko"
Hosyu,
Hotah,Hota
Hotaia,
Hothlepoya,
Hototo,Hoto
Houghton,
Houston,
Howard,
Howe,
Howell,"Howall, Huell"
Howi,
Howin,
Howland,"Howlan, Howlen"
Hoyle,"Hoil, Hoile"
Hoyouwerlikt,
Hoyt,
Hrisoula,
Hsu,
Hsuang,
Hu,
Hua,
Huakava,
Huan-toa,
Huang,
Huang-fu,
Huanu,
Huata,
Huau,
Hubert,"Bert, Hobard, Hobart, Hubbard, Hube, Huberto, Hubertus, Hubie, Humberto, Ulberto, Umberto"
Huberta,
Huda,Hoda
Hudson,
Hue,
Hue-Lan,
Huelo,
Huette,"Huetta, Hugette, Hughina"
Hugh,"Aodh (Irish), Aoidh (Scottish), Hew, Hewe, Hewett, Hewitt, Hiu, Hosch, Huego, Huey, Hughes, Hugo, Hugues (French), Huw (Welsh), Ugo, Ugon"
Huhuewahehle,
Huhulu,
Hui-Fang,
Hula,
Hulama,
Hulbert,"Bert, Holbard, Holbert, Hulbard, Hulbert, Hulburd, Hulburt"
Hulda,"Huldah, Huldie"
Huluava,
Humayd,
Humbert,Umberto
Humita,
Humphrey,"Homfroi, Humfrid, Humfried, Humph, Hunfredo, Onfre, Onfroi, Onofredo, Onofrio"
Hung,
Hunter,Hunt
Huntington,Huntingdon
Huntley,"Huntlea, Huntleigh, Huntly"
Huong,
Hurlbert,Hurlburt
Hurley,Hurleigh
Hurriyyah,
Hurst,Hearst
Husam,
Husani,
Huslu,
Husni,
Husniya,
Huso,
Hussain,"Husain, Husein"
Hute,
Hutton,Huttin
Huxford,
Huxley,Huxleigh
Huy,
Huya-na,
Huyana,
Huynh,
Huyu,
Hwa-Young,
Hy,
Hyacinth,"Cynthie, Giacinta (Italian), Giacintho, Giacinto, Jacindo, Jacinto, Jackie, Jacinta, Jacynth"
Hyatt,
Hyde,
Hye,
Hyo,
Hyo-Sonn,
Hypatia,
Hyun-Ae,
Hyun-ki,Hyun-shik
Hyun-Ok,
Hywel,Hywell
I chih,
Ia,
Iago,"Jago, Santiago (see James)"
Iakona,Iasona
Ialeka,"Iakeka, Iareda"
Ian,"Ean, Eann, Eoin, Iain (see John)"
Ianira,
Iantha,"Ianthe, Ianthia, Janthia"
Iarfhlaith,Jarlath
Ib,
Ibn,
Ibsen,Ibson
Ibtihaj,
Ibtisam,"Ebtissam, Essam, Ibtissam, Issam"
Ichabod,
Ichchani,
Ichiro,
Ida,"Idalia, Idalina, Idalya, Ide, Idell, Idella, Idetta"
Idaa,
Ide,Ita
Iden,"Idanm Idin, Idun"
Idi,
Idony,"Idonea, Idun, Itiunnr"
Idowu,
Idra,
Idris,Idrys
Idriya,Idria
Iduna,"Idonia, Idunna"
Idwal,
Ieke,
Ielemia,
Ienipa,
Ierne,Ierna
Iesha,"Iaisha, Leshya"
Iestyn,
Ifama,
Ife,
Ifetayo,
Ifor,
Igal,Igale
Igasho,
Ignatia,"Ignacia, Ignazia, Ignia"
Ignatius,"Eneco, Ennicus, Igie, Ignaas, Ignac, Ignace, Ignacio, Ignacius, Ignasha, Ignatz, Ignaz, Ignazio, Inigo"
Igor,"Ing, Inge, Ingemar, Ingmar (see Ingvar)"
Igraine,
Ihab,
Ihsan,
Ihsana,
Iishim,
Ikaaka,"Aikake, Isaaka"
Ikaia,
Ikaikalani,
Ikale,
Ikamalohi,
Ikani,
Ikenaki,
Ikia,
Iklal,
Iku,Ikuko
Ikuseghan,
Il-sung,
Ila,
Ilana,"Elana, Ilani, Ilanit"
Ilesha,
Iliana,Ilia
Ilima,
Ilka,"Ilke, Milka"
Illtud,Illtyd
Ilom,
Ilona,"Ilone, Ilonka"
Iluminada,
Ima,Imako
Imad,Imam
Imala,
Iman,"Imana, Imani"
Imana,
Imara,
Imarogbe,
Imelda,Imalda
Imena,
Imeria,
Imin,
Immaculada,Immaculata
Immokalee,
Imogen,"Emogen, Emogena, Emogene, Imogene, Imogenia, Imogine"
Imperia,
Imran,
Imri,Imric
In,
Ina,Ena
Ina,Ena
Inam,Enam
Inanna,
Inar,
Inari,
Inas,Inaya
Inas,Inasa
Ince,
Indigo,
Indira,
Indra,
Indranee,
Indre,
Indu,
Induna,
Inek,
Inen Toxxouke,
Inez,"Ines, Inesita, Inessa, Ynes, Ynesita"
Inga,"Ing, Ingaberg, Ingabjorg, Ingaborg, Inge, Ingeberg, Ingegerd"
Ingar,Ingara
Ingemar,"Ing, Ingemur, Ingmar"
Ingram,"Ingraham, Ingrim"
Ingrid,"Inga, Inge, Inger, Ingmar"
Ingvar,
Iniga,
Iniko,
Inir,
Inkata,
Inkpaduta,
Innis,"Inis, Innes, Inniss"
Innocent,Innocenzio
Innocenzio,Inocencio
Inoa,
Inocencia,"Inocenta, Inocentia"
Inoke,
Inokene,
Inola,
Inshtatheumba,
Inteus,
Ioela,
Iokepa,
Iokia,
Iokua,
Iola,Iole
Iola,Iole
Iolanthe,
Iolo,
Ion,
Iona,
Ionakana,
Ione,
Iongi,
Iora,
Iorwerth,
Iphiginia,Iphigenie
Ippakness Wayhayken,
Ipyana,
Ira,
Ira,
Iram,
Irateba,"Arateva, Yaratev"
Irene,"Arina, Eirene, Ereni, Irayna, Irena, Irina, Iren, Irine, Irisha, Irusya, Iryna, Orina, Orya, Rean, Reana, Reena, Rena, Rene, Rina, Rini, Yarina"
Ireta,Irette
Iris,
Irma,
Irmin,Irman
Iromagaja,
Irvette,Irva
Irving,"Earvin, Earving, Erv, Ervin, Erving, Irv, Irvin, Irvine, Irwin"
Irwin,"Erwin, Irwyn"
Isa,
Isa,
Isaac,"Azik (Russian), Ike, Ikey, Isaak, Isacco, Isak, Itzak, Izak, Izik, Izsak, Yitzhak, Zack, Zak"
Isabel,"Bel, Belia, Belicia, Belita, Bella, Bellita, Ib, Ibbie, Isa, Isabeau, Isabelita, Isabella, Isabelle, Ishbel, Isobel, Issi, Issy, Izzy, Ysabeau, Ysabel, Ysabella, Yzabelle"
Isadora,
Isadora,Isidora
Isaiah,"Esai, Essaia, Isa, Isaia, Isaya, Isia, Issiah, Yeshaya"
Isam,
Isamu,
Isas,
Isatas,Istas
Isaura,
Isha,
Ishaan,Ishan
Isham,
Ishana,Ishani
Ishaq,
Ishara,
Ishi,"Ishiiko, Ishiyo, Shiko, Shiuo"
Ishieyo Nissi,
Ishmael,
Ishna Witca,
Isi,
Isidore,"Dore, Dorian, Dory, Isador, Isidoro, Isidro, Izidor, Izzy, Ysidro"
Isikeli,
Isis,
Iskandar,
Iskemu,
Isla,
Islwyn,
Ismaela,"Isma, Mael, Maella"
Ismah,Ismatl
Ismail,
Ismat,
Ismene,"Ismena, Ismenia"
Isoka,Soka
Isolde,"Iseult, Iseut, Isold, Isolda, Isolt, Isolte, Yseult, Yseulte, Yseut, Ysolda, Ysolde"
Isoroku,
Isra,
Israel,Yisrael
Issa,
Issur,
Istu,
Istvan,
Ita,Itu
Itamar,Ittamar
Iterika,
Ithel,
Itiah,"Itia, Itiel, Itil, Itiya"
Itidal,
Itiel,
Itinsa,
Ito,
Ituha,
Itza-cho,
Iuana,
Iukekini,
Iukini,
Iva,Ivanna
Ivan,"Ivon, Yvan"
Ivana,Iva
Iverem,
Ivo,"Ivar, Iven, Iver, Ives, Ivon, Ivor, Yves, Yvo, Yvor"
Ivor,"Ifor, Iver, Yvor"
Ivory,Ivorine
Ivria,"Ivriah, Ivrit"
Ivy,Ivie
Iwa,
Iwalani,
Iyabo,
Iyapo,
Iye,
Izdihar,
Izegbe,
Izod,"Izad, Izid"
Izusa,
Izz Aldin,
Ja,
Ja,
Jaali,
Jaamini,
Jaan,
Jabari,"Jabaar, Jabare, Jabier"
Jabbar,
Jabez,"Jabes, Jabesh"
Jabin,
Jabir,
Jabulani,
Jacan,Jachin
Jachym,
Jacinda,"Giacinda, Giacintha, Giacinthia, Jacea, Jacenda, Jacenta, Jacie, Jacindia, Jacinna, Jacinta, Jacinth, Jacintha, Jacinthe, Jacinthia, Jacy"
Jack,"Jackie, Jacko, Jacky"
Jackson,"Jack, Jackie, Jakson"
Jacob,"Cobb, Cobby, Giacomo, Giacobo, Giacopo, Hamish, Iacopo, Iacovo, Iago, Iakob, Iakobos, Iakov, Jack, Jackie, Jacko, Jaco, Jacobo, Jacopo, Jacques, Jacquet, Jago, Jaime, Jake, Jakobus, Jakov, James, Jamie, Jamsey, Jasha (Russian), Jay, Jim, Jimmy, Seamus, Shamus, Yaacob, Yaakov, Yacov, Yakov"
Jacoba,"Jacobina, Jacobine"
Jacqueline,"Jacalyn, Jacketta, Jackie, Jaclyn, Jacolyn, Jacquine, Jaquith"
Jacy,
Jada,
Jade,"Jada, Jayde"
Jadon,"Jaydon, Jaedon, Jaden, Jadin"
Jadwige,Jadwiga
Jae-hwa,
Jael,"Yaala, Yaalat, Yael, Yaela, Yaella"
Jafar,Jafari
Jafit,Jaffa
Jagannath,
Jagjit,
Jagoda,
Jaha,
Jahan,
Jahdo,
Jahi,
Jaia,Jaha
Jaiden,"Jaeden, Jaidin"
Jaidev,
Jaime,"Jamesina, Jamie, Jaimie"
Jaimini,
Jainendra,
Jaira,
Jairaj,
Jairus,"Jai, Jairo"
Jaja,
Jakeem,Jakim
Jal,
Jala,
Jalaad,Jalad
Jaladhi,
Jalajaa,Jalitaa
Jalal,"Jaleel, Jalel"
Jalaneeli,
Jalil,"Jahlil, Jalaal"
Jalila,Galila
Jalini,
Jalon,"Jalan, Jalen, Jalin"
Jama,Jamia
Jamal,"Jamaal, Jamahl, Jamall, Jamar, Jameel, Jamell, Jamil, Jamill, Jammal"
Jamelia,"Jamell, Jamila"
James,"Chago, Diaz, Diego, Giacomo, Giamo, Hamish, Iago, Jaak (Estonian), Jaako (Finnish), Jaap (Dutch), Jacques, Jago, Jahus (Dutch), Jaime, Jakome (Basque), Jameson, Jaques, Jascha, Jem, Jemmy, Jim, Jimmy, Seamus, Shamus"
Jameson,"Jamieson, Jamison"
Jamil,Jameel
Jamila,"Jamela, Jamelia, Jamilla, Jamille, Jamillia"
Jamin,"Jaman, Jamen, Jamon"
Jamsheed,
Janae,"Janai, Janais, Janaya, Janaye, Jannae, Jenae, Jenai, Jennae"
Janaki,
Janan,
Jandah,Janda
Jane,"Chavon, Chavona, Gianina, Giovanna, Ivana, Jalena, Janet, Jania, Janica, Janie, Jana, Janice, Janika, Janina, Janitza, Janka, Jannelle, Jasia, Jean, Jeanie, Jeanne, Jeanette, Jenda, Jenella, Jenica, Jennette, Jess, Joanna, Jonelle, Jonet, Juanita, Shauna (Irish), Shavonne, Sheena, Shene, Sinead, Siobhan, Vania, Vanya"
Janesh,
Janita,"Jaantjem Jansje, Jannike"
Janna,"Janaia, Janaya, Yana (Slavic)"
Jannali,"Janalea, Janalie"
Janson,"Jansen, Jantzen, Janzen, Jensen, Jenson"
Janus,"Janis, Janos"
Jany,
Japera,Japira
Japheth,
Japonica,
Jarah,"Jeran, Jarra, Jarrah"
Jarara,
Jardena,"Jaden, Jardan, Jardania, Yardena, Yordana (Basque) (Feminine of Jordan)"
Jareb,Jarib
Jared,"Jarad, Jaret, Jarid, Jarred, Jerad"
Jarek,"Janiusz, Januarius, Jaric"
Jareth,"Jaref, Jarif, Jariff, Jarith, Jarrith"
Jarita,"Jareata, Jareet, Jaria, Jarica, Jarida, Jarietta, Jarrika"
Jarka,"Jaruse, Jaruska"
Jarl,
Jarlath,
Jarman,"Jerman, Jermaine"
Jarmila,
Jarnila,"Jarnile, Jarnilla"
Jarogniew,
Jaromierz,
Jaromir,
Jaron,"Jaaron, Jarron, Jaren, Jaran, Jarin, Jarren, Jarran, Jerron, Jerren, Jerrin, Jeran"
Jaropelk,
Jaroslav,
Jaroslava,
Jarrah,"Jara, Jarah, Jarra"
Jarvia,
Jarvis,"Gary, Gervaise, Gervase, Gervice, Jarvice, Jarus, Jervis, Jervise"
Jasmine,"Jasmeen, Jasmina, Jassamayn, Jazan, Jazmin, Jess, Jessamin, Jessamine, Jessamy, Jessamyn, Jessie, Yasmeen, Yasmeena, Yasmena, Yasmene, Yasmin, Yasmina, Yasmine"
Jason,"Jaasan, Jaason, Jace, Jaisen, Jaison, Jase, Jasin, Jasun, Jay, Jayce, Jayson"
Jaspal,
Jasper,
Jaspreet,"Jasparit, Jasprite"
Jassan,"Jassen, Jassin"
Jaswinder,
Jatara,"Jataria, Jatoria, Jatorie"
Jathibiyya,"Gathbiyya, Gazbiyyah, Jathbiyya"
Jatinra,
Javaris,"Javar, Javario, Javarius, Javoris"
Javas,
Javier,"Jabier, Xavier"
Jawaharlal,
Jawahir,Gawahir
Jawdat,
Jawhar,
Jay,"Jae, Jai, Jayd, Jaye, Jaylene"
Jaya,"Jayamala, Jayanti, Jayashree, Jayna, Jayt"
Jayant,Jaiant
Jayne,
Jazeps,
Jazon,"Jazan, Jazen"
Jedda,Jeda
Jedidiah,"Jebadiah, Jebediah, Jebidiah, Jed, Jedadiah, Jedidiah, Jediah"
Jedrek,Jedrick
Jedynak,
Jefferson,"Jeff, Jeffie"
Jeffrey,"Geff, Geof, Geoff, Geoffrey, Geoffroi, Geofredo, Giotto, Godfrey, Gottfried, Jeferi, Jeff, Jeffer, Jefferey, Jefferies, Jeffery, Jeffy, Jeofroi"
Jehiel,
Jelani,Jelany
Jemima,"Jemmie, Mima, Mimma"
Jen,
Jena,Jenna
Jena,
Jenda,
Jendaya,"Jenda, Jendan"
Jenkin,"Jenkins, Jenkyn, Jennings"
Jennifer,(see Guinevere)
Jensi,"Jenci, Jens, Jensie"
Jerara,
Jeremiah,"Dermot, Diarmid, Diarmuit, Geremia, Hieremias, Jem, Jemmie, Jere, Jereme, Jeremias, Jeremija, Jeremiya, Jeremy, Jermias, Jerry"
Jereni,Jerenia
Jeriah,
Jerica,"Jerika, Jerrica, Jerrika"
Jericho,"Jeric, Jerico, Jerik, Jeriko, Jerric, Jerrico, Jerriko"
Jeriel,
Jermal,"Jermaal, Jermael, Jermail"
Jeroboan,
Jerolin,
Jerome,"Geremia (Italian), Gerome, Geronimo, Gerry, Heironymus, Hierome, Hieronim, Hieronimo, Hieronymos, Hieronymus, Jeroan, Jeroen, Jerome, Jeromina, Jeromo, Jeron, Jerry"
Jerrawa,Jerawa
Jerrell,"Jerel, Jeril, Jerrel"
Jerusha,"Jeruscha, Yerusha"
Jerzy,"Jersey, Jerzi"
Jesse,"Jess, Jessie, Jessy"
Jessenia,
Jessica,"Jess, Jessa, Jessalyn, Jesse, Jessia, Jessie"
Jesus,
Jethro,"Jeth, Jettro"
Jewel,"Jewella, Jewelle"
Jex,
Jezebel,"Jezel, Jezibel"
Ji,
Jiana,
Jiao-Long,
Jiba,Jibba
Jibade,Jibad
Jibben,
Jibon,"Jibona, Jibone"
Jibri,
Jie,
Jilli,"Jilea, Jilee, Jilie, Jilly"
Jimell,Jimel
Jimena,
Jimiyu,
Jimoh,Jimo
Jin,
Jin,
Jin-Kyong,
Jina,
Jinan,
Jinchilla,
Jindra,
Jindrich,"Jindra, Jindrik, Jindrisek"
Jindriska,"Jindra, Jindrina, Jindruska"
Jing,
Jing-Quo,
Jing-Sheng,
Jinnat,
Jinx,
Jirair,
Jirakee,"Jiraki, Jiriky"
Jirina,"Jiri, Jirka, Jiruska (see also George)"
Jiro,
Jitendra,Jitender
Jivanta,Jivinta
Jivin,"Jivan, Jiven, Jivon"
Jo-Long,
Joab,
Joachim,"Akim, Ioakim, Joacheim, Joakim, Joaquim, Joaquin, Jocquin, Jokim, Jov"
Joakima,Joaquine
Job,"Joab, Jobe"
Joben,Jobin
Jobina,"Jobina, Joby, Jobyna"
Jocasta,
Jocelyn,"Joceline, Justine"
Jocosa,Giocosa
Jodha,
Joed,
Joel,
Joelle,"Joela, Joellin, Jowella"
Joffre,
Johar,
John,"Anno, Eadan, Eadin, Ean, Eion, Eoghan, Eoin, Evan, Ewan, Ewen, Gian, Giannes, Gianni, Giannini, Giovanni, Hanan, Handel, Hannes (Finnish), Hanno, Hannus, Hans, Hanschen, Hansel, Hansli (Swiss), Hanz, Iain, Ian, Ioannes, Ivan, Ivann, Iwan, Jack, Jackie, Jan, Jansci, Janek (Polish), Jankiel (Polish), Janko, Janne, Janos, Jawaun, Jawon, Jean, Jeannot, Jehan, Jens (Dutch), Joao, Jock, Johan, Johann, Johannes, Johnnie, Johnny, Jon, Jona, Jontai, Jovan (Slavic), Juan, Juanito, Juwan, Owen, Seamus, Sean, Seann, Shane, Shaughn, Shaun, Shawn, Vanek, Vanko, Vanya, Yanni, Yanno, Zane"
Johnson,"Jonson, Johnston"
Joji,
Jojo,
Jokia,
Jolan,"Jola, Jolanne, Jolanta, Jolantha"
Jolie,"Jolena, Jolene, Joley, Jolina, Joline"
Jolon,
Jomei,
Jonah,Jonas
Jonathan,"John, Jon, Jonatan, Jonate"
Jonina,"Jona, Jonita"
Jonquil,Jonquile
Jora,
Jorah,
Joram,Jorim
Jordan,"Giordano, Jardena, Jared, Jarred, Jerad, Jordain, Jordana, Jordao, Jordin, Jorie, Jourdan"
Jos,
Joseph,"Beppe, Che, Guiseppe, Giuseppino, Javon, Jo, Jody, Joe, Joey, Joop, Joos, Jorden, Jose, Josef, Joseito, Josep, Josip, Josephe, Josephus, Joszef, Jozef, Jupp, Osip, Pepe, Pepito, Peppi, Pino, Pipo, Sepp, Seppi, Yousef, Yusif, Yusuf, Yusup, Yuszef"
Josephine,"Fifi, Fifine, Fina, Guiseppina, Jo, Joline, Josepha, Josephina, Josetta, Josie"
Joshua,"Josh, Josua, Josue, Jozua"
Josiah,"Josia, Josias, Yasser"
Jotham,
Jovan,
Jovita,
Joy,"Gioia, Joie, Joya, Joyann, Joice, Joyce"
Joyita,
Juabai,
Juanita,"Janita, Juana, Juaniata, Junita, Nita"
Jubah,
Jubal,
Judah,"Jud, Juda, Judas, Judd, Jude"
Judas,
Jude,
Judith,"Giuditta, Jodie, Judi, Juditha, Judit, Judy, Jutta"
Judson,
Juh,
Juku,Jukka
Jula,
Julia,"Gillot, Giula, Giulia, Giuliana, Giulietta, Jiulia, Joleta, Jolette, Juliana, Juliane, Julienne, Julie, Juliet, Julietta, Julina, Julinka, Juliska, Julyana, Sile (Irish), Sileas (Scottish), Yulia, Yuliana, Yulinka"
Julius,"Giulio, Jolin, Jolion, Jolyon, Jule, Jules, Julian, Juliao, Julien, Julio, Junius"
Jumaane,Jumane
Jumah,
Jumana,
Jumapiu,
Jumoke,
Jumoke,
Jun,
Jun,
Jun,
Jun Litzoque,
Jundah,
June,"Junella, Junelle, Junette, Junia, Junina"
Junee,"Juni, Junia"
Jung-Hwa,
Jungay,Jungai
Juniper,Junipero
Juno,
Jurisa,Jurissa
Juro,
Jurrien,"Jore, Joree, Jurian, Jurion"
Justin,"Giustino, Giusto, Juste (French), Justice, Justinas, Justinian, Justinius, Justino, Justinus, Justis, Justo, Justus, Yestin"
Justine,"Giustina, Giustine, Justa, Justina"
Jutka,
Jutta,Juta
Juvenal,"Juventino, Juventine, Juvon"
Jvalant,Jwalant
Jyoti,Jyotsana
Kaamilee,
Kaan,Kagan
Kaanan,
Kaaona,
Kaarina,
Kaasu,
Kabiito,Kabito
Kabil,
Kabir,
Kabonesa,
Kabr,
Kacancu,
Kacey,"Kacy, Kasey"
Kachina,Kachine
Kadar,"Kader, Kadir"
Kade,"Cade, Caid, Kaid"
Kadeem,"Kadim, Khadeem"
Kadiah,"Kadia, Kadya"
Kadin,Kaden
Kadir,
Kadish,
Kadla,
Kadmiel,
Kado,
Kaemon,Kaimon
Kaemoxmith,
Kafele,
Kafu,
Kaga,
Kagami,
Kagiso,
Kahaaheo,
Kahaiaokaponia,
Kahakuokahale,
Kahale,Kahail
Kahana,
Kahanu,
Kahatunka,
Kahawai,
Kahekaalohi,
Kahelemeakua,
Kahgegwagebow,
Kahi,
Kahil,"Kahleel, Kalil"
Kaho,
Kaho,
Kahoa,
Kahoko,
Kaholo,
Kahua,
Kai,Kaimi
Kai,"Kaiko, Kaiyo"
Kai,
Kaihau,
Kaihe,
Kaikara,
Kaila,"Kaela, Kaelee, Kailea, Kaili, Kailia, Kailie, Kayla, Kaylea, Kaylee"
Kailahi,
Kailani,"Kailana, Kailnie, Kaylani, Kaylania"
Kailao,Kaelo
Kailash,
Kailinemo,
Kailmana,"Kaiman, Kaimana, Kayman, Kaymana, Kaymane"
Kaimaue,
Kaina,
Kaine,
Kainga,
Kaipo,
Kaisa,
Kaitchkma Winema,
Kaivai,
Kaiyo,
Kaj,
Kajetan,
Kaka,
Kakaea,
Kakaha,
Kakai,
Kakaio,Kakalia
Kakala,
Kakalina,
Kakalu,
Kakamika,
Kakana,
Kakapu,
Kakar,
Kakata,
Kakau,
Kakielekea,
Kakra,
Kakumulani,
Kal,
Kala,
Kala,"Calla, Kali"
Kalala,
Kalama,
Kalameli,
Kalana,
Kalani,"Kalan, Kalana, Kalanie, Kaloni, Kalonia"
Kalanit,Kalan
Kalasia,
Kalat,
Kalauka,
Kalauni,Kalaunia
Kalavite,Kalavita
Kalawina,
Kale,"Kael, Kalen, Kaley, Kalin"
Kale,
Kalea,
Kalechi,
Kalei,Calie
Kaleo,
Kalepa,Kaleba
Kalepi,
Kalere,
Kalevi,
Kalhana,
Kali,Kalli
Kalia,
Kalid,
Kalidasa,
Kalifa,
Kaligenia,
Kalika,
Kalikau,
Kalil,"Kahlil, Kaleel, Khaleel, Khalil"
Kalila,"Cailey, Cailie, Kalie, Kaylee, Kayleen, Kaylil, Khalil, Kylila"
Kalilinoe,
Kalina,
Kalinda,
Kalinda,
Kalindi,
Kalinga,
Kalinn,
Kalino,
Kaliq,
Kalisitala,Kalisital
Kaliska,
Kalita,
Kalkin,
Kalla,Calla
Kallirroe,"Callirrhoe, Calliroe, Callirrot"
Kallolee,
Kaloni,"Kalona, Kalonia"
Kalonice,
Kaloosh,
Kaloti,
Kalou,
Kalpana,
Kalthum,Kalsum
Kaluwa,
Kaluyan,
Kalyan,
Kalyan,
Kalyca,
Kama,
Kama,"Cama, Kammie, Kammy"
Kamaha,
Kamakakoa,
Kamakani,
Kamal,"Kameel, Kamil"
Kamal,"Kamaal, Kameel"
Kamala,Kamalika
Kamali,
Kamangeni,
Kamanika,Kamaniya
Kamaoku,
Kamari,Kamaria
Kamata,
Kamau,
Kamballa,
Kambara,
Kame,"Kameko, Kameyo"
Kamea,
Kamekona,
Kameli,
Kamenosuke,
Kami,"Cami, Camia, Kamia"
Kami,
Kamila,"Kamilah, Kamila, Kamilla"
Kamilo,"Camillo, Camilo, Kamillo"
Kaminari,
Kamoana,
Kamoku,
Kamuzu,
Kana,
Kana,Kanika
Kana,
Kanai,
Kanaka,
Kanali,Kanalia
Kanani,Kanana
Kanda,
Kanda,"Kenda, Kenada, Kendy"
Kandelka,
Kane,Kaneko
Kane,"Cahan, Cain, Kahan, Keane"
Kanehoomalu,
Kaneli,
Kaneru,
Kanestie,
Kang,
Kang-Dae,
Kangan,
Kangi,
Kani,
Kaniel,
Kanih,
Kaniva,
Kanjanaa,
Kanji,
Kanku,
Kannitha,
Kannon,Kannen
Kanoa,
Kanta,
Kanti,Kantimati
Kantu,
Kanu,
Kanu,
Kanya,Kania
Kanya,Kanyaa
Kaori,
Kaoru,
Kapa,
Kapalaoa,
Kapali,
Kapeni,
Kapika,
Kapila,Kapil
Kapo,
Kapua,
Kapuala,
Kapuki,
Kara,Cara
Kara,Cara
Kardal,
Kare,
Kareela,
Kareem,"Karam, Karem, Karim"
Karen,"Carin, Caron, Kaaran, Kari, Karna, Karon, Karona, Karonie"
Karenza,"Kerensa, Kerenza"
Karida,
Karif,Kareef
Karim,Kareem
Karimah,Karima
Karis,
Karli,"Carlea, Carli, Karlea"
Karlisa,
Karma,Carma
Karmai,
Karmiti,
Karnak,
Karniela,Carniela
Karnik,
Karr,
Karri,"Carie, Carri, Cary, Kari"
Karrin,"Caran, Carrin, Caryn, Kari, Karia"
Karu,Karun
Kaseem,Kasim
Kaseko,
Kasem,
Kasen,"Kasan, Kasin"
Kasi,
Kasib,
Kasiya,
Kasmira,
Kasota,
Kass,"Kaese, Kasch, Kase"
Kateb,
Katina,Catina
Kato,
Katoa,
Katode,
Katriel,
Katsu,Katsuko
Katsuoshi,
Katungi,
Katura,
Katyayani,
Kaufman,
Kauila,
Kaukau,
Kaula,
Kaulana,
Kaulo,
Kaumavae,
Kauri,
Kausalya,"Kaushali, Kaushalya"
Kauser,
Kava,
Kavan,"Cavan, Caven, Cavin, Kavanagh, Kavanaugh, Kavin, Kavon"
Kavanagh,"Cavanagh, Cavanaugh, Kavanaugh"
Kaveh,"Kava, Kavah"
Kaveri,
Kavi,
Kavindra,
Kawa,
Kawaimomona,
Kawana,
Kawena,
Kawenaula,
Kawikani,
Kay,
Kay,
Kaya,
Kaya,
Kayam,
Kayhan,"Kayahan, Kay, Han"
Kayin,
Kayinga,
Kayla,(see Catherine)
Kayode,
Kazu,Kazuko
Kazuo,
Keahdinekeah,
Keahi,
Keal,"Keale, Keel, Keele"
Keala,
Kealamauloa,
Kealani,
Kealoha,
Kealoha,
Keane,"Kean, Keanan, Keanen, Keene"
Keanu,
Kearn,"Kearne, Kern, Kerne"
Kearney,"Karney, Kearny"
Keaton,"Keatin, Keetin, Keeton"
Keb,
Kedar,"Kadar, Keder"
Kedem,
Keeaola,
Keefe,"Keif, Keiffer"
Keegan,"Keagin, Keegin, Kegan"
Keehabah,
Keelan,"Kealan, Kealin, Keelin"
Keeley,"Kealey, Keely, Keighley"
Keelin,Kee-Lin
Keena,"Keana, Keina"
Keenan,"Cianan, Keanan, Keen, Keynon, Kienan, Kienen"
Kees,"Keas, Kease, Keese"
Keezheekoni,
Kefentse,
Kefir,
Kefira,
Kefu,
Kehachiwinga,
Kehind,
Kehinde,
Kei,
Keiffer,"Keefer, Keifer, Kiefer, Kieffer"
Keiji,
Keiki,
Keiko,
Keilani,Keilana
Keina,
Keintikead,
Keir,Keiran
Keisha,"Aisha, Isha"
Keita,(Feminine of Keith)
Keitaro,Keata
Keith,"Keafe, Keif, Keifer"
Keka,
Kekapa,
Kekoa,
Kekona,
Kelala,
Kelalani,
Kelaya,
Kelby,Kelbie
Kelda,Kelly
Kelday,
Kele,
Kele,"Kelea, Kelei"
Keleka,
Kelekea,
Kelekouo,
Kelemen,"Kelleman, Kellemen, Kellman, Kellmen"
Kelept,Kelep
Kelesi,Kelesia
Keletina,
Kelevi,
Kelii,"Keili, Keli"
Kelila,"Kayla, Kaylee, Kelula, Kyla"
Kelile,
Kelina,
Kell,
Kellagh,
Kellen,"Kallan, Kallen"
Kelly,"Kealey, Keeley, Keiley, Keily, Kelley, Kellie, Kellina, Kylie (Australian)"
Kelmen,"Kellman, Kellmen, Kelman"
Kelsey,"Kelly, Kelson"
Kelton,"Keldon, Kelten"
Kelula,
Kelvin,"Calvin, Calvan, Calven, Kelvan, Kelven, Kelwin"
Kemal,
Kemba,Kembara
Kemen,"Keaman, Keamen, Keman"
Kemikiuo,
Kemp,
Kempton,
Ken,
Kenakuk,
Kenan,Kenen
Kenaz,
Kenda,"Kendal, Kendall, Kendel"
Kendall,"Kendal, Kendell, Kenny"
Kendra,"Kenna, Kinna"
Kendrick,"Kendricks, Kenric, Kenricks"
Keneke,Kenete
Kenelm,
Kenji,
Kenjiro,
Kenley,"Kenlea, Kenleigh"
Kenn,
Kenna,
Kennan,"Kenan, Kenen, Kennen"
Kennard,Kenard
Kennedy,"Canaday, Canady, Cinnedid, Cinneide, Kenman, Kenyon"
Kenneth,"Cennydd, Ken, Kene, Kennet, Kenny, Kent, Kenton, Kenworth"
Kent,"Kentan, Kenten, Kentin"
Kentaro,
Kentigerna,
Kenton,
Kentrell,Kentrel
Kenward,
Kenway,
Kenyon,
Kenzie,Kensie
Keoanu,
Keohi,
Keoki,
Keokuk,
Keola,
Keon,
Keoni,
Kepano,Tepano
Kerani,"Kera, Kerie"
Kereenyaga,
Kerel,
Kerem,
Kerem,
Keren,"Kerrin, Keryn"
Kerensa,"Karensa, Karenza"
Kereru,
Kerill,Coireall
Kermit,
Kern,"Kearn, Kearne, Kerne"
Kernaghan,"Carnahan, Kernohan"
Kerrick,"Kerick, Kerik, Kerric, Kerrik"
Kerry,
Kers,
Kersen,"Kersan, Kersin, Kerson"
Kerwin,"Kerwan, Kerwen"
Kes,
Kesava,
Keshet,
Keshisha,
Kesi,
Kesia,"Kesiah, Kessia, Kisai"
Kesse,
Kessem,
Kester,
Keti,
Ketifa,
Ketina,
Keturah,Ketura
Ketzia,"Kazia, Kesiah, Ketzi, Kezi, Kezia, Kissie"
Keung,
Kevin,"Kevan, Keven, Kevon, Kevyn"
Kevyn,
Kewanee,Kewaunee
Kewini,
Kezia,"Kazia, Kissie, Kizzie"
Khadija,"Khadiga, Khadua"
Khadqah,
Khaldun,
Khalfani,
Khalid,
Khalida,Kaleeda
Khalif,
Khamisi,Khamidi
Khan,
Khan,
Khang,
Khanh,Khan
Khapkhaponimi,
Kharavela,
Khayrat,Khayri
Khoury,"Khori, Khouri"
Khuong,
Khwaia,
Kia,Kaya
Kiana,"Kia, Quiana, Quianna"
Kiara,"Keira, Kia, Kiarra, Kiera"
Kibbe,
Kibibi,
Kibo,
Kibuuka,
Kichi,Kicki
Kidd,
Kiefer,Keefer
Kiele,"Kieley, Kieli"
Kieran,"Ciaran, Ciaren, Ceiran, Ceiren, Keiron, Kernan, Kieron"
Kiet,
Kieu,
Kifeda,
Kifimbo,
Kiho,
Kijih,Kijika
Kiki,
Kikikwawason,
Kiku,Kikuko
Kilab,
Kilchd,
Kiley,
Kilia,
Kiliahote,
Kilila,Kirila
Kilipeka,Kilipaki
Killian,"Kilian, Kilien"
Kilohana,
Kim,
Kim Hu,
Kimama,Kimana
Kimaya,
Kimba,
Kimball,"Kimbal, Kimble"
Kimberly,"Kim, Kimba, Kimber, Kimmie"
Kimeona,
Kimi,"Kima, Kimiko, Kimiyo"
Kimiko,
Kimimela,
Kimo,(see John)
Kimo,
Kimokeo,
Kin,
Kina,
Kincaid,Kincaide
Kindilan,
Kindin,
Kineta,
King,
Kingman,
Kingsley,"Kingslie, Kinslea, Kinsley, Kinsly"
Kingston,
Kingswell,
Kinnard,"Kinard, Kinnaird"
Kinnell,
Kinneret,
Kinsey,
Kinta,
Kinton,
Kinu,"Kinuko, Kinuyo"
Kioko,
Kiona,
Kioshi,
Kip,Kipp
Kira,"Kirana, Kiri, Kirra"
Kira,"Kirea, Kiri"
Kiral,
Kiran,"Kiren, Kirin"
Kirby,"Kerbie, Kerbey, Kirkby"
Kiri,
Kiri,Kirsi
Kiriah,"Kiria, Kirya"
Kiril,"Cyril, Kirillos, Kyril"
Kirima,
Kiritan,
Kirk,Kerk
Kirkland,"Kerklan, Kirklan"
Kirkley,Kirklie
Kirkwell,
Kirkwood,
Kirra,"Kira, Kyra"
Kirsten,"Keirsten, Kiersten, Kirstie, Kristin"
Kirstur,
Kisa,"Keesa, Kysa"
Kishi,Kishiko
Kishori,
Kiska,
Kissa,Kisa
Kistna,Kistnah
Kita,
Kito,
Kitra,
Kitroon,
Kitstsui Shamkin,
Kitwana,
Kiu,
Kiupita,
Kiva,
Kivi,
Kiwa,"Kiwako, Kiwayo"
Kiwidinok,
Kiyiyah,
Kiyo,"Kiyoka, Kiyoko"
Kiyokaya,
Kiyoshi,
Kizil,
Kizza,Kiza
Klah,
Kliment,
Kline,
Knasgowa,
Knoton,
Knox,
Knud,
Knute,
Ko,
Ko,
Koamalu,
Koana,
Kodwo,
Koemi,
Kofi,Koffi
Kogarah,Kogara
Kohana,
Kohana,
Kohia,
Kohinoor,
Koi,
Koi,
Koji,
Kojo,
Kokayi,
Koko,
Kokokoho,
Kokudza,
Kokumo,
Kolab,
Kolaiah,"Kolaia, Kolaya, Kolia, Kolya"
Kole,
Kolenya,
Kolet,
Koleyn,Kolein
Kolfinnia,
Kolina,Colina
Koloa,
Koloe,
Kolomalu,
Kolora,Kalori
Kolya,
Koma,Komako
Komaki,
Komal,Komala
Kome,
Komoku,
Kona,Dona
Kona,
Konane,Konan
Kondo,Kond
Kondwani,
Koneko,
Kong,
Konia,
Konieschguanokee,
Konish Autassin,
Kono,
Konol,Conol
Kontar,
Konur,
Koolkool Snehee,
Koopnee,
Koora,
Kooskooskia,
Kootchal,
Kopano,
Koppal,
Korah,
Korb,
Koren,Kore
Koren,
Koresh,"Choriesh, Choresh"
Kornel,"Kornek, Nelek"
Korong,Koron
Korudon,
Kosey,
Kosoko,
Kosti,
Kostya,
Kosumi,
Koto,
Koukakala,
Koula,
Kovar,
Kovit,
Kpodo,
Kral,
Krishna,
Krita,
Kruin,Krun
Kuai Hua,
Kuaika,
Kualii,
Kuauli,
Kubbitha,
Kudio,
Kudyauku,
Kuei,
Kueili,
Kui,
Kuini,
Kuka,
Kukiko,
Kukua,
Kula,
Kulakinah,"Kilakina, Kullageenah"
Kulamauu,
Kulani,
Kulapo,
Kuli,
Kultano,
Kulukulutea,
Kulwa,
Kulya,
Kuma,
Kuma,
Kumakichi,
Kumala,
Kumar,
Kumari,
Kumi,
Kumi,
Kumiko,"Kumi, Kumiyo"
Kumuda,
Kun,
Kunama,
Kunani,
Kunei,
Kuni,Kuniko
Kunle,
Kunthea,
Kunto,
Kuo,
Kupaalani,
Kuper,
Kuracca,
Kurao,
Kuri,
Kuruk,
Kusa,
Kushali,
Kusum,
Kutcuyak,
Kuuraga,
Kuusi,
Kuzih,
Kveta,"Kvetka, Kvetuse, Kvetuska"
Kwabena,
Kwabina,
Kwacha,Kwach
Kwakou,"Kwako, Kwaku"
Kwamin,
Kwan,
Kwang-Sun,
Kwanita,
Kwas,Kwasi
Kwashi,
Kwau,
Kwayera,
Kwende,
Kwesi,
Kwiatoslaw,
Kyalamboka,
Kyla,
Kyle,"Kiel, Kilan, Kile, Kilen, Kiley"
Kylie,"Kye, Kyla, Kylene"
Kyna,
Kynan,Kinan
Kyne,
Kyoko,
Kyra,"Keera, Keira, Kira, Kyrene, Kyria"
Kyrie,
Kyros,
Kyubok,
Kyubong,
Kyung-Soon,
La'a,
Laaka,
Laakea,
Laban,"Laben, Labin"
Labhaoise,
Labhras,Lubhras
Labib,Labid
Labrenda,Labreana
Lacey,
Lachlan,"Lach, Lache, Lachey, Lachi, Lachlann, Lachlunn, Lochlan"
Lachtna,
Lacy,Lacey
Lada,Ladia. Ladya
Ladan,
Ladd,"Lad, Laddey, Laddie, Laddy"
Ladislaus,"Lachman (German), Laczko (Hungarian), Ladislav, Lako, Laszolo"
Ladislav,
Lado,
Lael,
Lafayette,
Lafi,
Lafu,
Lahahana,
Lahela,
Lahi,
Lahpatupt,
Lahpeealoot,
Laibrook,Laybrook
Laidley,"Laedly, Laidly"
Laikana,
Laila,"Laili, Lailie, Laily"
Laima,
Laionela,Laion
Laird,
Lais,
Lais,
Lajli,Lajila
Lajni,
Lajos,"Lajcsi, Laji"
Laka,
Lakalka,
Laki,
Lakia,
Lakkari,
Lakochets Kunnin,
Laksha,
Lakshana,Lakshmi
Lakshman,
Lakshmi,Lakme
Lakshmidas,
Lakya,
Lal,
Lala,
Lalage,Lalia
Lalaka,
Lalanga,
Lalasa,
Lalata,
Lali,"Laeli, Laelia, Lalia, Lallie"
Lalika,
Lalirra,"Lalira, Lyra, Lyrra"
Lalita,
Lallo,
Lamani,Lamany
Lamar,Lemar
Lambert,"Bert, Lamberto, Lambirt, Landbert"
Lamech,Lamec
Lamesha,"Lameesa, Lameise"
Lami,"Lamia, Lamie"
Lamis,
Lamont,"Lammond, Lamond, Lemond"
Lamya,Lama
Lan,
Lanakila,
Lancelot,"Ancel, Ancelin, Ansell, Ansellus, Lance, Lancing, Lanse, Lansing, Lanzo, Launcelot"
Lander,
Landon,"Landin, Landan"
Lane,Laine
Lanet,"Laneta, Lanete, Lanetta, Lanette"
Lang,"Laing, Lange"
Langdon,"Landon, Langden"
Langford,
Langi,Langia
Langikula,
Langilea,
Langiloa,
Langley,Langly
Langston,"Langsden, Langsdon"
Langundo,
Langward,
Langworth,
Lani,
Lann,"Lanita, Lanite, Lanna, Lanyt"
Lansing,
Lanty,"Laughun, Leachlainn, Lochlann"
Lanu,
Laoghaire,
Laoiseach,Laoiahseach
Lap,
Lapaela,Lapaele
Laphonso,Lafonso
Lapidos,Lapidoth
Lapisi,
Lara,Larina
Laraine,"Larana, Larine, Larina"
Laramie,Laramy
Lareina,"Lareine, Larena"
Lariana,"Larian, Lariane, Lorian, Lorianne"
Laris,Larris
Larissa,"Larisse, Lorysa"
Lark,
Larkin,"Larken, Larklin"
Larmina,"Larmine, Mina"
Laron,Larron
Larrimore,"Larmer, Larmor, Larimore"
Larvall,Larvell
Lasairian,"Laisrian, Laserian"
Lasca,
Lasipeli,
Lassie,
Laszlo,"Laslo, Lazlo"
Lata,
Lataree,"Latarea, Tarea, Taree"
Latavao,
Latavia,
Lateef,Latif
Latham,"Lathe, Lather, Lathrop"
Lathium,
Lathrop,
Latimer,Latymer
Latonia,
Latuhilang,
Lau,
Lauaki,
Laudolino,
Laudomia,
Laughlin,Leachlain
Laukoka,
Lauliwasikau,
Laumanu,
Laura,"Lari, Lauralee, Laure, Laureen, Laurel, Laurella, Lauren, Laurena, Laurentia, Lauretta, Laurette, Lauri, Laurice, Lauricia, Laurinda, Lauryn, Lawra, Lawri, Lawry, Lollie, Lorelei, Loren, Lorenza, Loretta, Lorin, Lorna, Lorya"
Lautoka,
Laval,Lavrans
Lavan,"Lavaughan, Laven, Lavin, Lavon, Levan, Levin"
Lavanaa,
Lavani,
Laveda,"Lavetta, Lavette, Lavelle, Lavella"
Laverne,"Laverine, Laverna, Verne"
Lavesh,
Lavi,
Lavinia,"Lavena, Lavenia, Lavina, Lavinie, Vinnie"
Lawahiz,
Lawan,Lawana
Lawford,
Lawler,"Lawlor, Loller, Lollar"
Lawrence,"Enz, Labhras (Irish), Labhruinn, Lanny, Larrance, Larry, Lars, Lauren, Laurens, Laurent, Laurentios, Laurits, Lauritz, Lavrenti (Russian), Lavrik (Russian), Lawrey, Lawrie, Lencho (Spanish), Lenci, Lon, Lonny, Lorant, Lorcan, Loren, Lorenc, Lorenz, Lorenzo, Loritz, Renzo"
Lawson,
Lawton,Laughton
Layaleeta,
Lazarus,"Eleazar, Lazar, Lazare, Lazarilo, Lazaro"
Lazhar,
Le,
Lea,
Leah,"Lee, Leia, Leigh"
Leala,
Lealiki,Leakiki
Leander,"Ander, Leandre, Leandro, Leandros, Lee, Leo"
Leandra,"Leanda, Leodora, Leoine, Leoline, Leonelle"
Leben,
Lebna,
Lechoslaw,"Lech, Leslaw, Leszek"
Leda,"Leta, Lida"
Ledah,"Leda, Leida, Leta, Leyda, Lida, Lyda"
Ledyard,
Lee,Leigh
Lee,Leigh
Leeba,
Leeland,"Layland, Layton, Lealand, Leighton, Leland"
Leena,
Leewan,"Leawana, Liwana"
Lefna,
Legana,
Leggett,"Legate, Liggett"
Lehua,
Lei,
Lei,
Leibel,Leib
Leif,"Lief, Leaf, Leith (Scottish)"
Leighton,"Layton, Leyton"
Leiko,
Leila,"Lela, Lelah, Lila"
Leilani,
Leire,
Leisi,
Leith,
Lek,
Lekeke,
Lel,
Lel,
Leland,"Leighland, Leyland"
Lelei,
Lelia,Lilia
Lemar,"Lemario, Lemarr"
Lemuel,"Lem, Lemmie"
Lemuela,
Len,
Lena,Lina
Leni,
Lenis,"Lene, Leneta, Lenice, Lenita"
Lenka,
Lenna,Lenda
Lenno,Leno
Lennon,Lennin
Lennor,Lenor
Lennox,
Lensar,"Lansa, Lenza, Lenzar"
Leo,"Leaho, Lee, Leon, Leonid, Leonidas, Leonis, Leontius, Lev, Lion, Lyon"
Leoda,Leota
Leolani,
Leoma,
Leona,"Leoine, Leola, Leone, Leonia, Leonie, Leontine"
Leonani,
Leonard,"Lee, Len, Lennie, Leo, Leon, Leonardo, Leonas, Leonid, Leonidas, Levin (Russian), Lionel, Lonny"
Leonarda,"Lenda, Leonarde"
Leonora,"Leanor, Leanore, Lenora, Lenore, Nora"
Leopold,"Leo, Leupold"
Leopoldine,"Leopolda, Leopoldina"
Leora,"Leorah, Leorit, Lior, Liora, Liorit"
Leotie,
Lepati,Leipati
Lepeet Hessemdooks,
Lepeka,
Lepolo,
Lerato,
Leroy,"Elroy, Lee, Leroi, Roy"
Lesharo,
Leshem,
Lesi,
Lesieli,
Leslie,"Lesleigh, Lesley, Lesly"
Lester,"Leicester, Les"
Leta,
Letalesha,
Letha,"Leda, Lethia"
Letitia,"Laetitia, Laetizia, Latashia, Latia, Latisha, Leda, Leta, Letha, Letice, Leticia, Lettice, Lettie, Tish, Tisha"
Leto,"Latona, Latonia"
Leura,
Levana,"Levania, Levanna, Levona, Levonia"
Levander,
Levani,
Levant,"Lavant, Lavante, Leveret"
Leveni,
Leverett,Leverit
Leverton,
Levi,"Levin, Levon, Levy"
Levina,
Levona,Levonat
Lewanna,"Levana, Lewana, Livana"
Lewin,Levin
Lewy,Lughaidh
Lex,
Leya,
Leyati,
Li,
Li Hua,
Li-Liang,
Lia,
Liam,
Lian,
Liana,"Leana, Leanne"
Liang,
Lias,
Libe,"Liba, Libbe, Libi, Libke, Lipke"
Liberio,Libero
Liberty,
Libusa,
Licha,
Lida,"Ludmilla, Lyuba, Lyudmilla, Lyda"
Lidio,
Lidwina,
Liem,
Lien,
Lif,
Lifthrasir,
Ligongo,
Lihau,
Like,
Liko,
Lila,"Layla, Leila, Lilah, Loelia, Lyla"
Lila,
Lilac,
Lilavati,
Liliha,
Liliko,
Lilith,Lillis
Lillian,"Lil, Lila, Lilly, Lilia, Liliane, Lilias, Lily, Lillyan"
Liluye,
Limber,
Limu,
Lin,
Lina,
Lincoln,"Linc, Link"
Linda,"Lin, Linada, Lindee, Lindey, Linn, Linell, Lynn, Lyndel, Lynelle, Lynette, Lynna"
Lindberg,"Lindbergh, Lindburg, Lindy"
Lindell,"Lindall, Lindel, Linden, Linsey, Lyndell"
Lindley,Lindleigh
Lindsay,"Lind, Linsey, Linzee"
Linette,"Lanette, Linetta, Lynette"
Linette,"Lanette, Linetta, Lynette"
Linford,
Ling,
Lingrel,
Linit,
Linley,Linleigh
Linnea,
Linton,
Linus,Linas
Lionel,"Lionello, Lio"
Lior,Leor
Lira,Lirra
Lirit,
Liron,"Leron, Lerone, Liron, Lirone"
Lisa,"Leeza, Liesa, Liesebet, Lise, Liseta, Lisette, Liszka"
Lise,
Lisiate,
Lisimba,"Lasimba, Simba"
Lissilma,
Lister,
Litonya,
Litton,Lytton
Liu,
Lius,
Livanga,
Livingston,Livingstone
Liviya,Leviya
Livona,Livia
Liwanu,
Llewellyn,"Lew, Lewellen"
Lloyd,
Loa,
Lochan,
Locke,Lockwood
Lodema,
Lodewuk,
Lodur,
Lofa,
Logan,Login
Loila,
Loiyetu,
Lok,
Lokalia,
Lokapela,
Loke,Loka
Lokela,
Lokemele,
Lokni,
Lolotea,
Loman,
Loman,Lomen
Lomas,
Lomasi,
Lombard,"Lomardi, Lombardo"
Lon,"Lonnie, Lonny"
Lonan,Lonen
Lonato,
Long,
Longo,
Lono,
Lootah,
Lopati,
Lorcan,
Lorelei,"Loralee, Loralyn, Lura, Lurette, Lurleen, Lurline"
Lorenza,
Lorimer,Lorrimer
Loring,
Lorraine,"Laraine, Lareina, Lori, Lorine"
Losa,Losana
Losaki,
Lot,
Lota,
Lothar,"Lotair, Lotaire, Lothario"
Lotu,
Lotus,
Lou,Lu
Loudon,"Lowden, Lowdon"
Louis,"Aloysius, Clovis, Elois, Lash (Gypsy), Lasho, Lew, Lewes, Lewis, Lodovico, Lou, Louie, Lucho, Ludovic, Ludovicus, Ludvig, Ludvik, Ludwig, Luigi, Luis"
Louise,"Aloisa, Aloise, Aloysia, Eloisa, Eloise, Heloise, Lois, Lola, Lolita, Lou, Louisa, Louisette, Louisina, Louisiane, Louisine, Lovisa, Lowise, Loyise, Lu, Ludovica, Ludwiga, Luis, Luiz, Lujza, Lujzika, Lulita, Lulu, Luthais (Scottish)"
Loukanos,Lukianos
Louvain,
Love,"Loveday, Lovey"
Lowell,"Lovel, Lovell, Lowe"
Luan,
Luana,"Luane, Luann, Luwana"
Lubomierz,Lubomir
Lubomil,
Lubornir,"Luba, Lubek, Lubor, Luborek, Lubos"
Lubornira,"Luba, Lubena, Lubina, Lubinka, Lubka, Luboska"
Lucan,
Lucas,"Loukas, Luc, Lukas, Luke"
Lucerne,Lucerna
Lucia,"Lucasta, Lucilla, Lucille, Lucina, Lucinda, Lucy"
Lucian,"Luca, Lucas, Luciano, Lucianus, Lucio, Lucius, Lucjan, Lukianos, Lukas, Luke, Lukyan"
Lucita,
Lucius,"Luca, Lucas, Luce, Lucias, Lucio, Luka, Lukas, Luke, Luken"
Lucretia,"Lucrece, Lucrecia, Lucrezia"
Lucretius,
Lucy,"Liusadh, Lou, Lu, Luce, Lucetta, Lucette, Lucia, Luciana, Lucida, Lucienne, Lucille, Lucina, Lucilia, Lucilla, Lucza, Luz"
Ludlow,
Ludmilla,"Lyuba, Lyudmila"
Ludomir,Ludek
Ludoslav,
Ludoslaw,Lutoslaw
Ludvik,
Ludwig,"Ludovic, Ludovico, Ludvig, Ludvik, Luigi"
Luella,"Lou, Luelle, Lulu"
Lughaidh,
Lugono,
Luister,
Lujayn,
Luke,"Loukas, Luc, Lucas, Lucian, Lucio, Lukas, Luck, Lucky, Lukacs"
Lukman,
Lulani,
Lulu,
Lumhe Chati,
Lumo,
Lumusi,
Luna,"Lunetta, Lunette"
Lundy,"Lundi, Lundie"
Lunetta,Lunette
Lunn,"Lonn, Lonnie"
Lunt,
Luong,
Lupe,
Lupetu,
Lusela,
Lusila,
Lusio,
Lutalo,
Lutana,Lutane
Lute,
Lutfi,
Luther,"Lotario, Lothair, Lothaire, Lothar, Lothario, Lother, Lutero"
Luvena,
Luyu,
Luz,
Lyall,"Loyal, Loyel, Lyel, Lyell"
Lyceus,Lycius
Lydia,Lydie
Lyle,"Lisle, Lyal, Lyall, Lyell"
Lyman,"Leaman, Leyman, Limon"
Lynch,Linch
Lyndon,"Lin, Linden, Lindy, Lyn, Lynden"
Lynfa,
Lyris,Lyra
Lysander,Lisandro
Lysandra,
Maake,
Maalin,
Maana,
Maaseiya,Masai
Maasi,
Maata,
Maau,
Maayan,Mayana
Mab,"Mave, Meave, Mavis"
Mabel,"Amabel, Amable, Mab, Maible, Moibeal"
Mac,"Mack, Mackie"
Macadam,McAdam
Macalla,Macala
Macallister,McAllister
Macardle,"MacArdell, McCardell"
Macauley,McCauley
Macawi,
Macbride,McBride
Maccabee,"Macabee, Makabi"
Maccoy,McCoy
Maccrea,"MacCrae, MacCray, McCrea"
Macdonald,McDonald
Macdougal,"MacDowell, McDowell"
Macgowan,"Magowan, McGowan"
Machi,Machiko
Machiko,
Machir,
Machupa,
Macia,
Maciko,
Mackenzie,
Mackinley,McKinley
Macmahon,McMahon
Macmurray,McMurray
Macon,"Macan, Macen"
Macy,"Mace, Macey"
Maddock,"Maddoc, Madoc, Madoch, Madog"
Maddox,
Madeep,
Madeline,"Dalanna, Lena, Mada, Maddy, Madel, Mala, Marlaine, Marlena, Marlene, Magda, Magdalene, Maud, Maude"
Madhav,
Madhavi,
Madhu,Madhur
Madhuleka,
Madia,Madiha
Madison,
Madon,"Madan, Maddan, Madden, Maddon, Maden, Maidoc"
Madonna,
Madra,
Madu,
Madzimoyo,
Maeiko,
Maeko,
Maeleachlainn,
Maemi,
Maeve,
Mafi,
Mafileokaveka,
Mafitea,
Mafiuliuli,
Mafu,
Magar,
Magara,
Magaskawee,
Magee,"MacGee, MacGhee, McGee"
Magena,
Magnar,Magne
Magnilda,
Magnolia,"Mag, Maggie, Nola, Nolie"
Magnus,"Magnes, Manus"
Magomu,
Maguire,McGwire
Maha,
Mahadev,
Mahala,"Mahalia, Mahalla, Mahelia"
Mahanga,
Maharaj,
Mahasitn,
Mahaska,
Mahavira,Mahavir
Maheesa,"Mahesa, Mahisa"
Mahendra,
Mahi,Mahika
Mahila,
Mahima,
Mahin,
Mahina,
Mahira,Mehera
Mahkah,
Mahla,Mahlah
Mahmoud,"Mahmood, Mahmud, Mehmood, Mehmoud, Mehmud"
Maholi,
Mahon,Mahoney
Mahpee,
Mahwah,
Mai,
Mai Ly,
Maia,
Maiba,
Maida,"Mady, Maidel, Magda"
Maikai,
Maikalkeakua,
Mailen,
Maili,
Maimi,
Maimi,
Maimun,Maimon
Mainchin,Mannix
Maira,Maila
Maiteryi,
Maiza,
Majam,
Majesta,
Majid,"Magid, Majeed"
Majidah,Maiida
Major,"Majer, Mayer"
Maka,
Maka,
Makadisa,
Makala,"Makali, Makalia"
Makalohi,
Makanaakua,
Makani,Makania
Makara,
Makarios,"Macario, Macarios"
Makary,
Makataimeshekiakiak,
Makeda,
Makhpia-Luta,"Makhpia-Sha, Makhpiya-Luta"
Makin,
Makoto,
Makra,
Makram,
Makya,Makia
Mala,
Malachi,"Malach, Malachie, Malachy, Malechy"
Malak,
Malala,
Malama,
Malamhin,
Malana,
Malati,
Malawa,
Malawi,
Malaya,"Malaia, Malaina, Malaine"
Malcolm,Malcolum
Maldon,
Maleko,
Malfrid,"Malfreda, Malfrida"
Malha,"Maliah, Malka, Malkia, Miliah, Milya"
Mali,
Mali,"Malea, Malee, Malei, Malya"
Malia,Mali
Malie,
Malik,Maliq
Malika,"Maleeka, Maleka"
Malila,
Malin,"Malen, Mallon"
Malina,
Malinda,"Mollie, Lindy, Malina"
Malka,"Malcah, Malkia, Malkie, Malkit, Malkiya, Milcah"
Malkin,
Malkosha,
Malkuyu,
Mallory,"Mallery, Mallori, Malory"
Malo,
Malohi,
Malomo,
Maloney,"Malone, Malony"
Maloo,
Malu,
Maluch,
Maluhia,
Maluokeakua,
Malva,"Melva, Melba"
Malvern,Malvirn
Malvin,"Malvan, Malven, Melvin"
Malvina,"Malva, Malvie, Melva, Melvina, Melvine"
Mamafa,
Mamakiaeh,
Mamani,
Mambta,
Mamduh,
Mammedaty,
Mamo,
Mamta,
Mamun,
Man,
Man Young,
Man-Shik,
Mana,
Mana,
Manaalii,
Manaba,
Manal,
Manamakalii,
Manaoio,
Manaolana,
Manar,Manara
Manase,
Manawa,
Manchu,
Manco,
Mandala,
Mandara,
Mandel,
Mander,
Mandisa,Manidisa
Mandondo,
Mandu,
Manette,
Manfred,"Manfrid, Manfried, Mannfryd"
Mangaia,"Mangaea, Mangaya"
Mangena,Mangina
Mani,
Manikarnika,
Manilla,"Manille, Manyla"
Manipi,
Manisa,"Mandisah, Madissa, Mandysa, Mandyssa"
Manishee,
Manjika,
Manjulika,
Mankato,"Mahecate, Mon-eca-to"
Manley,Manleigh
Mannaw,
Manning,
Mano,Manolo
Manoach,Manoa
Manolis,
Manpreet,Manpret
Mansa,
Mansel,
Mansfield,
Mansi,"Mancee, Mancey, Manci, Mancie, Mancy, Mansee, Mansie, Mansy"
Mansoor,
Mansur,Mansour
Manton,
Manu,
Manu,Manuku
Manu,
Manuela,Manuelita
Manuetoafa,
Manutapu,
Manville,Mandeville
Manwalea,
Manwangopath,
Manzo,
Maolbheannachta,
Maolcholm,Maolcolm
Maon,
Maoz,
Mapira,
Mapiya,
Mapuana,
Maqui-Banasha,
Mara,"Marah, Marra"
Mara,"Mahra, Maralina, Mari, Marra"
Maraalika,
Maraea,
Maralinga,
Marama,
Marar,
Marata,"Malaka, Maleka, Mareka"
Maratina,Malakina
Marbilling,
Marcaria,Marcarya
Marcellus,"Marceau, Marcel, Marcelin, Marcelle, Marcellino, Marcello, Marcellus, Marcelo, Marcely, Marcilka, Marzell"
Marcia,"Marcea, Marcele, Marcelle, Marcelina, Marcella, Marcelline, Marcena, Marcene, Marcha, Marchella, Marchelle, Marci, Marcie, Marcile, Marcille, Marcina, Marcita, Marketa, Markete, Markie, Marky, Marquita, Marsala, Marsha, Marsiella, Marsielle, Martia"
Marcus,"Marc, Marco, Mario, Marko, Markos, Markus"
Marden,"Mardan, Mardin, Mardon"
Mardi,
Marek,"Marecek, Mares, Marik, Marousek"
Marelda,"Esmarelda, Marilda"
Maren,"Maran, Marin"
Mareo,
Maresha,
Marganit,
Margaret,"Daisy, Gerta, Grere, Gret, Greta, Gretal, Gretchen, Grete, Gretel, Grethel, Grethen, Grette, Madge, Madlinka, Madsche (Latvian), Mag, Maggie, Maharite (Breton), Mahoul, Maiga, Mairghread, Mairead, Mairgret, Maisie, Maizie, Maj (Norse), Malgerita (Italian), Malgozata (Polish), Mamie, Maret, Maretta, Marga, Margalit, Maragreta, Margarida, Margarita, Marge, Margen, Margery, Margisia, Margo, Margot, Margruta (Lithuanian), Marguerite (French), Marjorie, Marketa (Czech), Markita (Slavic), Meg, Megan, Meggie, Meggy, Metje, Metta, Mette, Meyta, Peg, Pegeen, Peggy, Reet (Estonian), Riet, Rieta, Rita"
Margea,
Margi,
Mari,"Marico, Mariko"
Marice,"Marica, Maris, Marissa, Maryce, Meris, Merrisa"
Marid,
Marigold,
Mariko,
Marina,"Maren, Marin, Marine, Marissa, Marna, Marne, Marnie, Miren, Mirena, Mirene, Myrene"
Marini,"Marinia, Marinie"
Marinna,"Marina, Marine, Maryna"
Marinus,"Marien, Marions, Marriner"
Mario,
Maris,"Marisa, Marise, Marish, Marisha, Marissa, Marisse, Maryse, Maurisa, Maurisia, Maurissa, Maurisse, Meris, Merisa, Merissa"
Marise,
Marisol,
Marita,"Marite, Maryt"
Maritza,"Maritsa, Marytsa"
Marjani,
Marjolaine,
Mark,"Marc, Marceau, Marcel, Marcelino, Marcell, Marcelle, Marco, Marcos, Marcus, Marek, Mario, Marius, Marx"
Markham,"Markam, Markem"
Marla,"Marlana, Marlea, Marlee, Marly"
Marland,"Mahlan, Marlan, Marlind"
Marley,Marleigh
Marlis,"Marlisa, Marlise, Marliss"
Marlon,"Marland, Marlin"
Marlow,Marlowe
Marmaduke,Maramduc
Marmara,
Marmion,Marmien
Marni,"Marna, Marne, Marney, Marnia, Marnie, Marnina, Marny, Merina"
Marnin,
Maro,
Marona,
Maroula,
Marquita,"Marquete, Marquia, Marquite"
Marree,"Marea, Marrey, Marry, Mary"
Marron,"Maran, Marin, Maron, Marran, Marrin"
Marsden,Marsdon
Marsena,
Marsh,
Marshall,"Marschal, Marsh, Marshell"
Marston,
Mart,
Martel,Martell
Martha,"Macia, Maita (Aramaic), Mariet, Marit, Marite, Marlet, Mart, Marta, Martell, Martella, Martelle, Marth, Marthe, Marthena, Marti, Martie, Martika, Martina, Martita, Martuska, Martyn, Masia, Mattie"
Martin,"Maarten (Dutch), Marinos, Mart, Martain, Martel, Marten, Martie, Matii (Finnish), Martijn, Martili (Swiss), Martinien, Martino, Martinos, Martinus, Marton, Marty"
Martina,"Marta, Marie, Martine, Tina"
Martiza,Martisa
Maru,
Marva,
Marvel,"Marva, Marvella"
Marvin,"Marve, Marwin, Mervin, Merwin, Murvin"
Marvina,Marvinia
Marwa,
Marwan,
Marwood,
Mary,"Maga, Maida, Maieli (Swedish), Maija (Finnish), Maika (Russian), Maion (French), Mair, Maire, Marie, Mal, Malana (Hawaiian), Mallie, Mame, Mamie, Manette (French), Manka (Polish/Slavic), Manna (Bohemian), Manon (French), Manya (Slavic), Marabel, Maraya, Marda, Mardi, Maree, Marella, Marelle, Maresa, Maret, Maretta, Marfa, Mari, Maria, Mariah, Marial, Mariam, Marian, Mariana, Marianne, Marica, Marice, Maridel (Bavarian), Marieke (Dutch), Mariel (Dutch), Mariella, Marielle, Marien, Marij (Dutch), Marija (Lithuanian), Marijke, Marika, Marilee, Marilla, Marilyn, Marin, Marinha (Portuguese), Marion, Maris, Mariska, Marita (Spanish), Maritsa, Marja (Finnish), Marjaka (Bohemian), Marjatta (Finnish), Marla, Marley, Marlo, Maroula, Marsia, Maruca, Maruchka (Polish), Maruka, Maruska (Slavic), Marya (Slavic/Arabic), Maryal, Marybel, Marybelle, Marysa, Mashka (Russian), Maura (Irish), Maureen (Irish), Maurise, Maurizia, Mavra, Mearr (Irish), Mere, Mergen, Meri, Meria, Meridel, Merika, Merrie, Merry, Mhaire, Mhairi, Mieke, Mieze, Mija, Mimi, Mina, Minette, Miriam, Mitzi, Moira (Irish/Scottish), Moire (Irish/Scottish), Molara (Basque), Mollie, Molly, Mora, Moria, Morag (Scottish), Moya, Moyra, Muire (Irish/Scottish), Muriel, Polly"
Marymat,
Masa,
Masada,Massada
Masago,
Masahiro,
Masamba,
Masani,"Masanee, Masanie, Masanya"
Masao,
Masato,
Mashama,
Mashavu,
Mashema,
Masika,Mashika
Masio,
Maska,
Maskil,
Maskini,
Maslin,"Maslen, Masling"
Mason,
Maspera Mohe,
Massacio,
Masse Ola,
Massey,Massie
Massing,Massin
Masud,"Masiud, Masood"
Masun,
Mata,
Matafeo,
Mataio,
Mataniah,"Matania, Matanya, Matitia, Matya"
Matanmi,
Mataoaka,
Mateen,
Matej,"Mata, Matejek, Matejicek, Matousek, Matyas"
Matelita,
Mateni,
Mather,
Mathghamhain,
Matilda,"Machtild, Mafalda (Spanish), Magtelt (Dutch), Maitilde, Mat, Matelda, Mathilda, Mathilde, Mattie, Matty, Matusha, Maud, Maude, Maudie, Mechel (Bavarian), Mehaut (French), Metilda, Metilde, Tila, Tilda, Tildie, Tillie, Tilly"
Mato,
Mato Tope,
Mato Watakape,
Matohinsda,
Matok,
Matolo,
Matong,
Matope,
Matoskah,
Matrika,"Matrica, Matrixa"
Matslmela,
Matsuko,"Matsu, Matsuyo"
Mattan,"Matan, Matena, Maton, Mattun"
Mattea,"Matea, Mathea, Matthea, Matthia"
Matthew,"Macias (Spanish), Macie, Macisk (Slavic), Mat, Mata, Matai, Matej (Bohemian), Mateo, Mateusz, Mathe, Matheu, Mathian, Mathias, Mathieu, Matias, Mats, Matt, Mattaeus, Mattaus, Matteo, Matthaus, Matthias, Matthiew, Mattias, Matty, Matui (Maori), Matya, Matyas, Matz, Mayhew, Thies (Swedish)"
Matu,
Maudisa,
Maui,
Mauli,
Mauli,
Maulidi,
Maureen,"Maura, Mora, Moira, Moria, Maurine, Morena, Maurizia (see Mary)"
Maurice,"Maolmuire (Scottish), Mauri (Finnish), Mauricio, Maurids, Maurie, Mauritius, Maurits, Mauritz, Maurizio, Maury, Maurycy, Moreno, Moricz, Morrell, Morris, Moss"
Mausi,
Mauve,Malva
Mavia,"Mavie, Mavya"
Mavis,"Mayvis, Mavos"
Mawake,
Mawiyah,
Mawuli,
Mawusi,
Maximilian,"Mac, Makimus, Maksim, Massimiliano, Massimo, Max, Maxie, Maxim, Maxime, Maximiliano, Maximilianus, Maximino, Maximo"
Maxine,"Massima, Max, Maxie, Maxime, Maxina"
Maxwell,
May,"Mae, Maia, Maya, Maye"
Maya,"Maia, Mya"
Mayfield,
Maynard,"Mayne, Maynhard, Meinhard, Menard"
Mayo,
Mayon,
Mayoree,"Mayra, Mayaria"
Mayra,"Maera, Maira"
Maysa,Maisah
Mazal,"Mazala, Mazela"
Mazhira,
Mazi,
Mazin,Mazan
Mbwana,
Mead,"Meada, Meade"
Meadhbh,
Meallan,"Meldan, Mellan"
Meara,
Meca,Mega
Mechola,Mahola
Mecislav,"Mecek, Mecik, Mecislavek"
Meda,Medea
Medea,"Madora, Medora, Medeia"
Media,"Medea, Madora, Medora"
Medina,"Medeana, Medyna"
Medora,
Medwin,
Mee,
Mee,Mei
Mee-Kyong,
Meera,"Meira, Meyra"
Megan,"Meg, Meggie, Meghan (see Margaret)"
Megara,
Meged,
Mehadi,
Mehal,Mehli
Mehira,Mahira
Mehitabel,"Hetty, Hitty"
Mehjibin,
Mehri,
Mehtar,
Mei-Hwa,
Mei-Lin,
Mei-Xing,
Mei-Zhen,
Meiko,
Meinhard,"Maynard, Meinhardt"
Meinrad,
Meinwen,
Meir,Meiri
Meira,"Meiri, Meirit, Meora, Meorah, Mera, Mira, Myra"
Meirona,Merona
Meit,Meita
Meka,
Mela,Mella
Melanie,"Malana, Malani, Malania, Malanie, Mel, Melana (Russian), Melani, Melantha (Greek), Melena, Mellie, Melona, Meloni, Melonia, Melonie"
Melantha,
Melba,"Malva, Melva"
Melbourne,"Mel, Melburn, Milbourn, Milburn"
Melchior,"Melker, Melkior"
Meldon,Melden
Meldrick,Meldric
Mele,
Melea,
Melech,
Melek,Meleka
Meleni,Melenia
Melesse,
Melia,"Melcia, Melea, Meleana, Meliah, Melida"
Melia,
Melina,"Lin, Lina, Melaina, Melaine, Melinia"
Melinda,"Linda, Lindy, Linnie, Maillie, Malina, Malinde, Mallie, Mandy, Melinde"
Melinga,
Melino,"Melin, Melinos"
Melino,
Meliora,"Mellor, Meliori, Melioria"
Melissa,"Lissa, Malissa, Malessa, Mel, Melisande, Melisenda, Melly, Millie, Melicent, Melita, Melosa, Misha, Missy"
Melita,"Malita, Mel, Meleta"
Melody,"Meloda, Melodea, Melodia"
Melora,"Melona, Melonora, Melori"
Melosa,Malosa
Melrose,
Melvern,Melverne
Melville,
Melvin,"Malvin, Mel, Melvan, Melwin, Vinnie"
Melvina,"Malvina, Melva, Melvena"
Mema,
Mena,Menna
Menachem,"Menahem, Nachman, Nachum, Nahum"
Menasha,
Menashe,"Mana, Manasseh, Mani"
Mendel,"Mendeley, Mendil"
Menewa,
Menia,Menja
Menora,"Menorah, Minora"
Mensah,
Meoquanee,
Merab,Meraba
Merav,"Meirav, Merab"
Mercedes,"Merced, Merceda, Mercede, Mercia, Mercie, Mercy"
Mercer,
Mercia,
Mercy,Mersey
Mered,
Meredith,"Meredif, Meredithe, Meridith, Merideth, Merridie, Merry"
Mereki,"Merekee, Merekie"
Merfin,Merfyn
Meri,
Meriel,"Mariella, Merial, Meriol, Merrill"
Merima,Meroma
Merinda,
Meriwa,
Merle,"Merla, Merlina, Merline, Merola, Myrle, Myrleen"
Merlin,"Marlin, Merle, Merlen, Merlyn"
Merpati,
Merrick,Merrik
Merrill,"Merle, Merrel, Meryl"
Merrina,"Merina, Meriwa, Merrin, Meryn"
Merripen,
Merritt,"Merrett, Merit"
Merry,"Marri, Marrie, Merri, Meriella, Merielle, Merrita"
Mertice,
Merton,"Mertan, Merwyn, Murton"
Merva,
Mervin,"Merwin, Murvin, Murvyn, Myrddin"
Mesha,Meshai
Meshach,
Mesi,
Messina,
Mestipen,
Meta,Metta
Meta,
Meta,
Methodios,
Metis,
Metuka,
Meyer,"Mayer, Mayor, Meier, Meir, Myer"
Mhina,
Mi-Cha,
Mi-Hi,
Mi-Ok,
Mia,"Mea, Mya"
Miandetta,
Micanopy,Micco
Michael,"Micah, Mical, Michal, Michan, Michel, Michele, Michiel, Mickey, Miguel, Mihail, Mihaly, Mika, Mikail, Mike, Mikel, Mikey, Mikhail, Mikhalis, Mikhos, Mikol, Mischa, Mitch, Mitchell, Mykell"
Michaela,"Makayla, Mica, Mical, Micah, Micalea, Mickie, Michal, Michala, Michale, Michaelina, Michelina (Italian), Michelle, Miguelina (Spanish), Mike, Mikelena (Danish), Mikelle, Mishela, Mishelle, Myca, Mycale, Mykela"
Michi,
Michiko,Michi
Michio,
Michiro,
Micina,Migina
Micke,
Midgee,Midgi
Midori,Madori
Mieko,
Mielikki,
Mieu,
Migdana,Dana
Migisi,
Mignon,"Mignona, Mignone, Mignonette"
Mika,
Mikasi,
Miki,
Mikilana,Misilana
Mikio,
Mikka,
Mila,Milla
Milada,"Mila, Miladena, Miladka, Milana, Milanka, Milenka, Milka, Miluse, Miluska, Mlada, Mladena, Mladka, Mladuska"
Milagros,"Mila, Milagritos, Miligrosa, Milrari"
Milan,
Milbourne,"Milborn, Milborne, Milburn, Millborn, Millbourne, Millburn"
Milcah,"Milca, Milka"
Mildred,"Milda, Mildrid, Milly"
Miles,"Milo, Myles"
Mileta,"Milett, Miletta, Millette, Milla"
Milford,
Mili,Milia
Miliani,
Miliani,
Milimili,
Millard,Milward
Miller,"Millar, Milner"
Millicent,"Lesandra, Lisandra, Lissa, Mel, Melicent, Melisande, Melisandra, Melisenda, Melisent, Melita, Mellicent, Mellie, Millicente, Millie, Milica, Missy"
Millin,
Mills,
Millyn,Millin
Miloslav,"Milda, Milon, Milos"
Miloslava,
Miltaiye,
Milton,"Millard, Milt"
Milward,
Mima,Mimma
Mimiteh,
Min,
Min,
Mina,"Meena, Minette, Minna, Minnie"
Mina,
Minako,
Minal,Minala
Minami,Miniami
Minco,
Minda,
Mindy,
Mine,Mineko
Minerva,"Min, Minette, Minnie, Myna"
Ming,
Ming-Hoa,
Mingan,
Minh,
Minikin,Minikina
Miniti,
Minkah,Minka
Minkie,"Minki, Minky"
Minna,"Min, Mina, Minda, Mindy, Minetta, Minette, Minnie"
Minnehaha,
Minneokadawin,
Minnesota,
Minnta,Minta
Minor,
Minore,Minora
Minoru,
Minowa,
Minta,"Mintha, Yaminta (Native American)"
Mio,
Mira,"Mirabel, Mirilla, Mirella, Mirelle, Myra, Myrilla"
Mirabel,"Mira, Mirabella"
Miranda,"Miran, Randa, Rande, Randea, Randi"
Mirella,"Mireille, Mirelle, Mireya, Myrelle"
Mirena,Milena
Miri,
Miriam,"Mariam, Maricara, Marieca, Mimi, Mirham, Mirjam, Mitzi"
Miron,
Mirrin,"Mirrina, Mirrine"
Misae,
Misao,
Mishiki,
Misoka,
Misty,
Misu,
Mitchell,Mitch
Mitford,
Mitsu,Mitsuko
Mitsu,
Miulana,
Miwa,Miwako
Miya,
Miyo,Miyoko
Miyuki,
Mizuko,
Mlengalenga,
Mliss,
Mlo,
Mo Lan,
Moana,
Moani,
Moc Van,
Modesty,"Modesta, Modestia, Modestina, Modestine"
Modred,Mordred
Moemu,
Moesha,Moeisha
Mogens,
Mohajit,"Mohan, Mohandos, Mohanshu"
Mohala,
Mohammed,"Hamid, Hammad, Mahomet, Mahmoud, Mahmud, Muhamet, Muhammed"
Mohan,
Mohana,"Mohini, Mohonie"
Mohe,
Mohini,
Moiag,Mojag
Moira,
Mojiesz,
Moki,
Moko,
Molan,
Moledina,Moledin
Moli,"Molea, Molia"
Momone,
Momuso,
Mona,Moina
Monahan,"Monaghan, Monoghan"
Moneka,Moneca
Mongo,
Monica,"Mona, Monca, Monch (Irish), Moncha, Monia, Monice, Monike (Greek), Monique"
Monifa,
Monita,
Monroe,"Monrow, Munroe"
Montago,
Montague,
Montana,"Montania, Montina"
Montaro,
Montgomery,Monty
Montsho,
Moona,Moonia
Moorak,
Moore,More
Mootska,
Mor,
Mora,"Morea, Moria"
Moran,Moranit
Morandoo,
Morasha,
Moray,
Mordecai,"Mordechai, Mordy, Mort"
Moree,"Mori, Moria"
Morela,
Moreland,"Moorland, Morland"
Morell,
Morena,"Moreen, Morella"
Morgan,"Morgen, Morgin, Morgun, Morrgan"
Morgana,"Morgan, Morgance, Morganica, Morganne, Morgwen, Morgwena"
Mori,Moriel
Mori,"Moriko, Moriyo"
Moriah,"Moria, Morice, Moriel, Morit"
Morie,
Morina,Morinna
Morio,
Morit,Moritta
Morland,"Moreland, Morlan"
Morley,"Moorley, Morlee, Morleigh, Morly"
Morna,Mornina
Morowa,
Morrin,"Morin, Morina"
Morse,Morrison
Mortimer,
Morton,Morten
Morven,"Morfin, Morfyn, Morvan, Morvyn"
Morwenna,Morwena
Moselle,"Mosela, Mosina, Musa"
Moses,"Mo, Moe, Moise, Moises, Mose, Moshe, Mosheh, Mosie, Moss, Moyses"
Mosi,
Mostyn,
Moswen,
Motega,Montega
Motepa,
Moto,Motoko
Motsqueh,
Mouna,"Mounia, Muna"
Mounga,
Mousa,
Moweaqua,
Moyne,Moyna
Mozelle,"Mosel, Mosela, Mosele"
Mpasa,
Mposi,
Mrina,Mren
Mtima,
Mu Lan,
Mu Tan,
Mua,
Muadhnait,"Moina, Monat, Moyna"
Muata,
Mubarak,
Mubdi,
Mudada,
Mudiwa,
Mugain,
Muhannad,
Muhayya,
Muhsin,
Muid,
Muika,
Muir,
Muireadhach,"Murchadh, Murrough"
Muireann,"Muirinn, Murainn, Murinnia"
Muirgheas,
Muirne,
Mukhtar,
Mukul,
Mulga,
Mullion,
Mullya,Mulya
Mulogo,
Muluk,
Mulwala,
Muminah,
Mun-Hee,
Muna,
Munchin,
Mundai,Munday
Mundan,
Mundy,"Munde, Mundi"
Mungo,
Munim,
Munir,
Munny,"Munee, Muni, Munni"
Munte,
Munyiga,
Mura,
Muraco,
Murasaki,
Murat,
Murdag,"Murdann, Murdina"
Murdock,"Murdo, Murdoch, Murtagh, Murtaugh"
Muriel,"Maral, Marel, Marial, Meriel, Merla, Meryl, Meral, Merrill, Mira, Mirell, Mirella, Mirla, Murial"
Murphy,Murphey
Murray,"Moray, Murry"
Musa,
Musad,"Misid, Musaed"
Musenda,
Musette,Musetta
Musidora,
Muslimah,
Mustapha,"Mostafa, Mostaffa, Moustafa, Mustafa"
Mutasim,
Mutazz,
Muteteli,
Mutsiawotan Ahki,
Mwai,
Mwamba,
Mwanahamisi,
Mwanajuma,
Mwanawa,
Mwla,
My,
My Khanh,
Mya,"Mea, Meia, Mia"
Myall,Miall
Myer,Mier
Myers,
Myfanvvy,"Myff, Myvanwy"
Myla,"Mila, Milla"
Mylsha,
Myra,"Mira, Murah, Myria"
Myrddin,
Myrna,"Merna, Mirna, Moina, Morna"
Myron,
Myrrine,Myrrina
Myrtle,"Mertelle, Mertice"
Mystique,"Misty, Mystica"
Myune,Miuna
Myung Dak,
Myung-Hee,
Myung-Ki,
Myung-Ok,
Naal,
Naamah,"Naama, Naamana, Naami, Naamiah, Naamiya"
Naarah,"Naara, Nara"
Naavah,"Navit, Nava, Navice"
Nabiha,Nabihah
Nabil,"Nabeel, Nabill"
Nabila,"Nabeela, Nabilah, Nabilia"
Nabulungi,
Nachine,Nachine
Nachman,"Menachem, Menahem, Nachum, Nahum"
Nacoma,
Nada,Nadya
Nadalia,"Nandalea, Nandali"
Nadda,Nada
Nadette,
Nadezda,Nadeia
Nadia,"Nada, Nadan, Nadege, Nadezha, Nadie, Nadine, Nadiya, Nadja, Nady, Nadyenka, Nadzia, Nata, Natka"
Nadida,Nadidah
Nadim,Nadeem
Nadir,
Nadira,"Nadirah, Nadra"
Nadisu,
Nadyan,Nadian
Nadzieja,"Nadzia, Nata, Natia, Natka"
Naeem,Naim
Naeemah,
Nafshiya,
Nafuna,
Nagarjuna,
Nagataka,
Nagid,Nageed
Nagida,"Nagia, Nagiah, Nagiya, Najiah, Najiya, Najiyah, Negida"
Naham,
Nahara,"Nehara, Nehora"
Nahele,
Nahid,
Nahla,
Nahma,
Nahor,"Nahir, Nahur, Nehor"
Naia,
Naiad,
Naija,
Nailah,Naila
Naim,Naeem
Nain,
Nairi,"Nairia, Nairie"
Nairn,
Nairne,
Naj,"Nagi, Naji"
Najat,Nagat
Naji,Najee
Najib,Najeeb
Najiba,"Nagiba, Nagibah, Najibah"
Najji,
Najla,"Nagla, Najila, Najlaa, Najlah"
Najwa,Nagwa
Nakai,
Nakisisa,
Nako,
Nakos,
Nalani,Nalania
Naldo,
Nalin,
Nalin,
Naljor,
Nalren,
Nalukea,
Nalunani,
Nam,
Nam-Kyu,
Namaka,
Nami,Namiko
Namid,
Namil,
Namir,
Namisha,
Namono,
Nampeyo,"Nampayo, Nampayu"
Namur,
Nan,"Naneta, Nanete, Nanette, Nana, Nanetta, Nannette"
Nana,
Nanabah,
Nanak,
Nanala,
Nanda,
Nandan,
Nandana,"Nandini, Nandita"
Nandin,
Nanek,"Naneka, Naneki, Naneta"
Nangila,
Nani,
Nanise,
Nantai,
Nantan,"Nanten, Nantin"
Nanvah,
Nanyamka,
Nanye-Hi,
Nao,
Naoko,
Naomhan,Nevan
Naomi,"Naoma, Navit, Noemi"
Napa,
Napana,Natana
Napea,
Napezi,
Napoleon,"Leon, Nap, Napoleone"
Napthali,
Nara,
Nara,
Narain,
Narayana,
Narcissa,
Narcisse,"Narciso (Spanish), Narcissus, Narkissos"
Nard,
Narda,
Nardoo,
Narelle,"Nerela, Narele"
Naren,
Naresh,
Naresha,
Nari,Nariko
Nariko,
Narilla,Narrila
Narlala,Narla
Narn,
Narooma,
Narve,
Nascha,
Naseem,
Nashashuk,
Nasheakush,Nasomsee
Nashoba,Neshoba
Nashota,
Nasim,
Nasnan,
Nasr,"Nasser, Nassor"
Nasrin,Nasreen
Nasser,
Nasya,"Nasia, Naspa"
Nata,
Nata,
Nata,
Natal,"Natale, Natalino, Natalio, Nataly"
Natalie,"Nastassia (Russian), Nastassja (Russian), Nat, Nata, Natala, Natale (Italian), Natalea, Natalene, Natalia, Natalina, Natalja, Natalya, Natasha (Russian), Natasie, Nathalia, Nathalie (French), Nattie, Nettie, Tasha"
Natane,
Natane,
Natasha,"Nastaliya, Nastalya, Nastasia, Nasstasia, Nastassja, Nastassya, Nastasya, Natacha, Natashenka, Natashia, Tasha, Tashi, Tashia, Tashina, Tashka, Tasia, Tasis, Tassa, Tassie, Tasya"
Natesa,
Nathan,"Nat, Nate, Nathen"
Nathania,"Natania, Nataniela, Nataniella, Natanielle, Natanya, Nathaniella, Nathanielle, Netana, Netanela, Netania, Netaniah, Netaniela, Netaniella, Netanya, Nethania, Nethaniah, Netina"
Nathaniel,"Nafanael (Russian), Naithan, Nat, Natanael, Natanielias (Lithuanian), Nate, Nathan, Nathel, Thaniel"
Nathitfa,"Nathifah, Natifa, Natifah"
Natividad,
Natka,
Natoma,
Natsu,"Natsuko, Natsuyo"
Nattai,
Naturi,Naturia
Nauasia,
Nauleo,
Nav,
Nava,Navit
Navarro,"Navara, Navaro, Navarre"
Naveed,
Navin,
Nawal,
Nawat,
Nawkaw,
Nayana,
Nayati,
Nayland,"Nailan, Nailand"
Nayo,
Nazih,"Nazi, Nazim"
Nazihah,
Nazira,Nazirah
Nazneen,
Ndale,
Ndulu,
Neal,"Neale, Neall, Nealon, Neel, Neele, Neil, Neile, Neils, Nels, Nial, Niall, Niel, Niilo (Finnish), Niles, Nyal"
Neala,"Nealie, Nealy, Neeli, Neelie, Neely, Neila, Neile, Neilla, Neille, Niall"
Nebraska,
Nebula,
Necedah,
Nechama,"Nachmi, Necha, Neche, Nehama"
Neche,
Nechona,
Neci,
Neco,
Neda,"Nedda, Neddie, Nedi"
Nedaviah,"Nedabiah, Nedavia, Nedavya, Nediva"
Neel,"Neelendra, Neelmani"
Neema,
Neenah,
Neenan,
Neerim,
Nefertiti,
Negasi,
Negev,
Neh,
Neha,"Nehali, Nehi"
Nehanda,
Neheda,
Nehemiah,"Nahemia, Nehemia, Nechemya, Nemo"
Nehru,
Neima,
Neith,Neit
Neka,
Nekoma,
Nektarios,Nectarios
Nelda,
Nelek,
Nelka,Nela
Nellwyn,
Nelson,
Nemera,
Nemesio,
Nemo,
Nen,
Nenet,Neneta
Nennen Chekoostin,
Neola,
Neoma,
Nepa,
Neper,
Nepo,
Neptune,
Nera,"Neria, Neriah, Neriya"
Nerang,Neran
Nerida,
Nerine,"Nerice, Nerida, Nerina, Nerisa, Nerissa, Nerolia, Neryssa, Rissa"
Nero,"Neron, Nerone, Niro"
Nerys,"Nerice, Nerise"
Nesbit,"Naisbet, Naisbit, Nesbitt, Nisbet"
Nesiah,"Nesia, Nessia, Nesya, Nisia, Nisiah, Nisva"
Nest,Nesta
Nestor,"Nestar, Nester"
Neta,"Neti, Netia, Netta"
Netaniah,"Netania, Nethaniah"
Netia,
Netis,
Neto,
Netotweptus,
Neva,Nevada
Neviah,Nevia
Neville,"Nev, Neval, Nevel, Nevil, Nevyle"
Nevin,"Nefin, Nev, Nevan, Nevins, Niven"
Newell,"Newall, Newhall"
Newland,
Newlin,"Newlun, Newlyn"
Newman,"Neuman, Neumann"
Newton,
Neylan,"Nealani, Nealania, Neya, Neyla"
Neza,Neysa
Ngabile,
Ngai,
Ngaire,
Nghi,
Nghia,
Ngoc Ahn,
Ngolinga,
Ngozi,
Ngu,
Ngunda,
Nguyet,
Nhean,
Nia,Nya
Niabi,
Niamh,"Niam, Niama"
Niangala,
Niaz,
Nibal,
Nibaw,
Nicabar,
Nicholas,"Claas, Claes, Claus, Colas, Cole, Colet, Colin, Coulson, Klaas (Dutch), Lasse (Finnish), Milek (Polish), Nic, Nicanor, Niccolo, Nichol, Nichols, Nick, Nicklas, Nickolaus, Nicky, Nicola, Nicolai, Nicolao, Nikita, Niklaas, Nikodem, Nikola, Nikolai, Nikolos, Nikos, Nilos, Nils"
Nicodemus,Nikodema
Nicole,"Colette, Cosette, Nakia, Nakeita, Nicia, Nichol, Nichola, Nichole, Nicholle, Nicki, Nickie, Nikola, Nikole, Nicola, Nicoleen, Nicolene, Nicoletta, Nicolette, Nicolina, Nicoline, Nicolla, Nicolle, Nikia, Nikita (Russian), Nikki, Nikoletta, Nikolette"
Nida,
Nidia,Nydia
Nidra,
Nien,
Nigan,
Nigel,Niegal
Nihal,
Nihopalaoa,
Nika,Nica
Nike,"Nika, Niki"
Nikiti,
Nila,Nilah
Nila,
Nili,
Nilsine,
Nima,"Nema, Nimali"
Nima,"Neema, Neemah, Nema"
Nimesha,"Naimishi, Nimmi"
Nimrod,
Nina,"Neena, Ninacska, Ninelle, Ninet, Nineta, Ninete, Ninetta, Ninette, Ninita, Ninnette, Ninon, Ninochka, Ninotchka, Nynette"
Ninastoko,
Ningai,
Ninian,
Ninovan,
Niobe,
Nipa,
Nir,"Niral, Niria, Nirel"
Niram,
Niran,"Niren, Nirin, Niron"
Niranjana,
Niree,
Nirel,
Nirvan,
Nirveli,
Nisha,Nishi
Nishad,
Nishan,
Nishi,
Nissa,Nisa
Nissan,Nisan
Nissim,"Nissan, Nisan"
Nita,"Neeta, Nitali"
Nita,
Nitara,
Nitis,Netis
Nitoh Mahkwi,
Nitsa,
Nituna,
Nitya,
Nitza,"Nitzana, Nitzanit"
Niutei,Niu
Niv,
Niva,Neva
Nixie,
Nixon,
Nizam,
Nizana,"Nitza, Nitzana, Zana"
Nizar,
Njau,
Njemile,
Nkosazana,
Nlmah,Nimat
Nnamdi,
Nneka,
No-Pawalla,"Napawalla, Nepawalla, Nopawalla"
Noadiah,Noadia
Noah,"Noach, Noak, Noe"
Noam,
Nobantu,
Noble,Nobel
Nocona,Nokoni
Nodin,
Noe,
Noel,"Nata, Natale, Noela, Noele, Noeleen, Noelene, Noeline, Noell, Noella, Noelle, Noelline, Noleen, Nowell"
Noelani,Noelan
Noga,
Nohea,
Nohoka,
Noicha,Nolcha
Noirin,
Nokomis,
Nokonyu,
Nokosi,
Noksu,
Nola,"Nolah, Nolana"
Nolan,"Noland, Nolania, Nolen, Nollan"
Noleta,Nolita
Nomalanga,
Nombeko,
Nombese,
Nomble,
Nompie,
Nomusa,
Nona,"Nonah, Noni, Nonie, Nonna, nonnah"
Nonooktowa,
Nonyameko,
Noor,
Nora,(see Eleanor)
Norazah,Norhaneza
Norbert,"Bert, Bertie, Norberto"
Norberta,
Nordica,
Norell,"Narelle, Norelle"
Noriko,Nori
Noriss,"Norice, Noris"
Norlaili,
Norma,"Noma, Normah, Normie"
Norman,"Norm, Normand, Normie"
Norna,
Norris,
Northcliff,
Northrup,Northrop
Norton,
Norval,"Norvil, Norvill, Norville"
Norville,
Norvin,"Norwin, Norwyn"
Norward,Norwerd
Norwell,
Norwood,
Notaku,
Noula,Noulah
Noura,Nourah
Nourbese,
Nouri,
Novia,"Nova, Novah"
Nowra,
Noy,
Nsoah,
Ntmatuallah,
Nu,
Nuala,
Nudar,
Nuha,
Nui,
Nukuluve,
Numa,(masculine form of Naomi)
Numair,
Numid,
Numidia,
Numilla,"Numil, Numile, Numilla, Numille"
Nuna,
Nuncio,Nunzio
Nunia,
Nunkeri,
Nunna Hidihi,
Nunzia,
Nur,"Noor, Noura"
Nur,
Nur Aldin,
Nuray,
Nurcan,
Nuren,
Nurgul,
Nuri,"Neri, Noori, Nur, Nuriel, Nuris"
Nuria,"Nuriah, Nuriel"
Nurit,"Nurice, Nurita"
Nurla,
Nuru,
Nusair,
Nusi,
Nutan,
Nwa,
Nwabudike,
Nwake,
Nyah,
Nydia,"Nida, Nidia, Nidiah, Nydiah"
Nye,
Nye,
Nyla,Nila
Nyo,
Nyoko,
Nyora,Niora
Nyrang,
Nyree,
Nyssa,
Nyssa,
Nyura,
Nyx,Nix
Oakes,"Oak, Oake, Ochs"
Oakley,"Oakes, Oakleigh"
Oalo,
Oba,
Obadiah,"Obadias, Obed, Obie, Octavie (French), Ofeliga (Lithuanian), Ottavia, Ovadiah, Ovadiach"
Obasi,
Obataiye,
Obayana,
Obed,Obad
Obelia,
Oberon,"Auberon, Oberen, Oberin"
Obert,
Obi,
Obike,
Obioma,
Ocan,
Ocean,"Oceana, Oceania"
Ocin,Ogin
Octavia,"Octavie, Ottavia, Tavia, Tavie, Tavy"
Octavius,"Octave, Octavian, Octavio, Octavo, Octavus, Oktawiusz (Polish), Ottavio"
Odakota,Dakota
Oddrun,"Oda, Odd, Odda, Oddr"
Oddveig,
Ode,"Odi, Odia"
Odeda,
Odele,"Oda, Odeela, Odela, Odelinda, Odella, Odelle, Odila, Odile, Odilia"
Odelia,"Oda, Odele, Odella"
Odell,"Dell, Odall, Odie"
Odera,
Odessa,
Odette,"Odetta, Odeline, Odelia, Odila, Odile, Otilie"
Odharnait,"Orna, Ornat"
Odhran,"Odran, Odren, Oran"
Odina,
Odinan,
Odion,
Odissan,
Odiya,
Odolf,Odulf
Odom,
Odon,
Odysseus,
Ofa,
Ofira,Ofara
Ogaleesha,
Ogano,
Ogbay,
Ogbonna,
Ogden,"Ogdan, Ogdon"
Oghe,"Oghie, Oho"
Ogima,
Ogin,Ogina
Oglesby,
Ogun,"Ogunkeye, Ogunsawo, Ogunsheye"
Oh-oh-e-so-to-who,
Ohanko,
Ohanzee,
Ohara,
Ohela,
Oheo,
Ohin,Ohan
Ohitekah,
Ohiyesa,
Ohnicio,
Oisin,"Ossian, Ossin"
Oistin,
Ojasvee,Ojasvita
Ojinintka,
Ojo,
Ojore,
Okalani,
Okapi,
Okechuku,
Okeke,
Okello,
Okemos,
Oketa,
Oki,
Okiiani,
Oko,
Okon,Okoon
Okoth,Okuth
Okpara,
Oktawian,
Oktawja,
Ola,
Ola,"Olesia, Olesya"
Olabisi,
Oladele,
Olaf,"Olav, Olave, Ole, Olin, Olle, Olof, Olop, Olov"
Olafemi,
Olakeakua,
Olalla,
Olamina,
Olaniyan,
Olaniyi,
Olathe,
Olaug,
Oldina,"Oldine, Oldyn"
Oldrich,"Olda, Oldra, Oldrisek, Olecek, Olik, Olin, Olouvsek"
Oldriska,"Olda, Oldra, Oldrina, Olina, Oluse"
Oleda,"Oleta, Olethea"
Oleg,
Olena,"Alena, Elena, Lena, Lenya, Olenya"
Olery,
Olesia,Ola
Oleta,
Olethea,
Olga,"Elga, Helga, Ola, Olenka, Olesya, Olia, Olina, Olka, Olli, Olly, Olunka, Oluska, Olva, Olya, Olyusha"
Oliana,
Oliana,
Olien,
Olienka,
Olin,Olen
Olina,"Oleen, Oline"
Olinda,
Olindo,
Olisa,
Oliver,"Holivar, Noll, Olier, Oliverio, Olivero, Olivier, Oliviero, Olivor, Ollie"
Olivia,"Lioa, Lioia, Liovie, Liv, Liva, Livia, Livvie, Olia, Oliva, Olive, Olivet, Olivette, Olivine, Ollie, Olva"
Oliwa,
Olney,
Olono,
Olorun,
Olubayo,
Olufemi,
Olufunmilayo,
Olugbala,
Oluhyode,
Olujimi,
Olumide,
Olumoi,
Olushegun,
Olushola,
Oluwa,
Oluyemi,
Olwen,"Olvyen, Olwenn, Olwin, Olwyn, Olwyne"
Olympia,"Olimpia, Olympya, Pia"
Oma,Amir
Omana,
Omanand,
Omar,"Omir, Omari"
Omega,
Omemee,
Ominotago,
Omolara,
Omorose,
Omri,
Omusupe,
On,
On,
Ona,"Oona, Una"
Ona,
Onacona,
Onaiwah,Onawa
Onan,"Nan, Nani, Onen"
Onani,Onanee
Onaona,
Onawa,
Ondine,"Ondina, Ondyne, Undina, Undine"
Oneida,"Onida, Onyda"
Onella,
Ongo,
Ongwaterohiathe,
Onhur,
Oni,
Onike,Onika
Onilwyn,
Onkar,
Onslow,Ounslow
Ontario,Oniatario
Onur,
Onwarenhiiaki,
Onwoachi,
Oona,
Opa,
Opal,"Opala, Opalin, Opalina, Opaline"
Ophelia,"Ophelie (French), Phelia"
Ophira,Ofira
Ophra,
Opio,
Oqwapi,
Ora,"Orabel, Oralia, Oralie, Orielda, Orra"
Ora,
Orah,
Oralee,"Oralia, Oralie, Oriel, Orielle, Orlena, Orlene"
Oran,"Oren, Orin, Orran, Orren, Orrin"
Orana,"Oran, Orann"
Orane,"Oriana, Oriane"
Orazia,
Orban,
Ordella,
Ordway,
Orea,
Oreb,
Orel,"Oran, Orele, Orell"
Orela,
Oren,"Orin, Orren, Orrin"
Orenda,
Orestes,"Aresty, Orest, Oreste"
Orev,
Orfhlaith,"Orflath, Oria, Oriana, Oriane, Orianna, Orla, Orlagh, Orlaith, Orlann, Orlene"
Orford,
Ori,Oree
Oriana,"Oria, Oriane"
Orien,"Orian, Orin, Orren"
Orina,
Orinda,
Orino,Ori
Oriole,"Auriel, Orella, Oriel, Oriella, Oriola"
Orion,
Orithna,
Orji,
Orlenda,Orlinda
Orman,"Ormand, Ormond, Ormonde"
Ormond,Ormand
Orna,
Ornice,"Orna, Ornit"
Oro,
Oroiti,
Oron,
Orpah,"Ofrah, Ofrat, Ofrit, Ophra, Ophrah, Ophrat, Ophrit, Oprah, Orpa, Orpha, Orphy"
Orpheus,
Orquidea,
Orrick,"Orick, Orric"
Orson,"Orsin, Orsini, Orsino, Sonny, Ursin, Urson"
Ortensia,Hortense
Orthia,
Orton,
Ortzi,
Orunjan,
Orva,
Orval,
Orville,"Orv, Orval, Orvell, Orvil"
Orvin,
Orya,Oryna
Osahar,
Osakwe,
Osanmwesr,
Osayaba,
Osaze,
Osbert,
Osborn,"Osbourn, Osburn, Ozzie"
Oscar,"Oskar, Oskaras (Lithuanian), Osker, Ossie, Ozzy"
Osceola,
Osei,
Osen,
Oseye,
Osgood,
Oshea,
Osileani,
Osiris,
Osman,"Osmen, Osmin"
Osmar,
Osmond,"Esman, Esmand, Osman, Osmont, Osmund"
Osred,
Osric,"Osrick, Osrig"
Ossian,
Ossiolachih,
Osten,"Ostan, Ostin"
Oswald,"Ossie, Osvald, Oswaldo, Osweld, Oswell, Ozzie, Waldo"
Oswin,"Osvin, Oswyn"
Osyka,
Osyth,
Ota,Otik
Otadan,
Otaktay,
Otaybe,"Otaiba, Otayba"
Otee Emathla,
Otem,
Otetiani,
Othello,Otello
Othman,Othmen
Othniel,
Otis,"Oates, Otess"
Otskai,
Otstotpoo,
Ottah,
Ottar,
Otthild,"Ottila, Ottilia, Ottilie, Ottiline, Otylia"
Ottmar,"Otman, Otomar, Ottmer"
Otto,"Audo, Oddo, Odo, Osman, Othello, Otho, Oto"
Otu,
Otylia,
Ouida,
Ourania,
Ouray,
Oved,Obed
Ovid,
Oviedo,
Ovyena,
Owen,"Evan, Ewen, Owain, Owaine, Owan, Owin, Ywain, Ywaine"
Owena,(feminine of Owen)
Oxford,
Oya,
Oz,
Ozara,
Ozera,Ozira
Ozias,Oziah
Ozni,
Ozora,"Ozara, Otzara"
Ozuru,
Paahana,
Paame,
Paavana,
Paavani,
Pachomai,
Padget,"Padgett, Page, Paget"
Padilpa,
Padma,"Padmar, Padmasundara, Padmavati, Padmini"
Padulla,Padula
Page,"Padget, Paget, Paige"
Pagiel,Paigel
Pahkatos,
Pahkatos Qohqoh,
Pahkowyalkelaked,
Paine,Payne
Paka,
Pakelika,
Paki,
Pakile,Pakil
Pal,
Pala,
Palaki,"Palefu, Peleki"
Palakiko,
Palash,
Palauni,
Palben,
Palila,
Pallano,
Pallas,
Pallaton,"Palladin, Pallaten"
Palma,"Palmira, Palmer"
Palmer,Palmar
Palmira,"Palma, Palmir"
Palmiro,
Paloma,"Palometa, Palomita, Peloma"
Palti,
Pamela,"Pam, Pamala, Pamalia, Pamalla, Pamelia, Pamelina, Pamella, Pamilia, Pamilla, Pammela, Pammi, Pammie, Pammy"
Pana,
Panas,
Panchali,
Pancras,
Pandita,
Pandora,
Pandu,
Pangari,
Pangiota,
Pania,Panya
Panna,
Panola,
Panos,
Panphilia,"Panfila, Panfyla, Panphila"
Pansy,
Panthea,"Panfia, Panthia"
Pantni,
Panya,
Panyin,
Papahi,
Papina,
Paramita,
Paris,"Parris, Parrish"
Parker,"Parkes, Parks"
Parkin,
Parlan,
Parnell,Pernell
Parnella,"Parnela, Pernella, Pernelle"
Parr,
Parri,Parry
Parrish,
Parry,"Parrey, Parrie"
Parthenia,"Parthania, Parthena, Parthenie, Parthina, Parthine, Pathania, Pathena, Pathina"
Parvaiz,"Parvez, Parviz, Parwiz"
Parvani,Parvina
Parvati,
Parvin,Parveen
Pas,
Pascal,"Pascale, Paschal, Paschalis, Pascoe, Pascual, Pascuale, Pasquale"
Pascale,"Paques, Pascalette, Pascaline, Pascha, Paschale"
Pasha,Palasha
Passaconaway,
Pasua,
Patabsu,
Patam,"Patem, Patim, Patom, Pattam"
Patamon,Pataman
Patanjau,
Paterekia,
Pati,
Pati,
Patia,
Patience,
Patonga,
Patricia,"Pat, Patreece, Patreeza, Patreice, Patria, Patrica, Patrice (French), Patricka, Patrisha, Patriza, Patrizia (Italian), Patrycyka (Polish), Patsy, Patti, Pattie, Patty, Treasha, Trichia, Tricia, Trish, Trisha"
Patrick,"Paddie, Paddy, Padhraig, Padraic, Padraig, Pat, Patricio, Patrizio, Patrizius, Patten, Patton"
Patrobas,Pat
Patterson,Paterson
Pattin,Patin
Patton,"Paten, Patin, Paton, Pattin"
Patwin,
Patya,Patia
Paul,"Paal, Paavo (Finnish), Pablo, Padlo (Italian), Pal, Paley, Paolo, Paovo (Polynesian), Pasha, Pashka, Pauley, Paulie, Paulin, Paulinus (Lithuanian), Paulis, Paulus, Pavel (Russian), Pavelek (Slavic), Pavli (Estonian), Pavlik (Bohemian), Pavluschka (Russian), Pawel (Polish), Pewlin (Welsh), Pol, Poll, Poul (Danish)"
Paula,"Pacyencya (Polish), Pala (Spanish), Palva (Czech), Paola (Spanish/Italian), Paoleta, Paolina (Italian), Paule (Lithuanian/French), Pauleen, Paulene, Paulet, Pauletta, Paulette (French), Paulia, Paulie, Pauliina (Finnish), Paulina, Pauline (French), Paulita, Paulyn, Pavia, Pavla, Pavlina, Pavlinka, Pawlina, Pola, Polcia, Pollie, Polly"
Pauline,
Pausha,
Pavana,Pavani
Pavit,Pavitt
Pawhuska,Pabhuska
Pawishik,
Paxton,"Paxon, Paxten, Paxtun"
Payat,
Payne,Paine
Paytah,Paitah
Paz,"Pax, Paza, Pazia, Paziah, Pazice, Pazit, Paziya, Pazya"
Pazia,"Paza, Pazise, Pazit"
Peace,
Pearl,"Pearla, Pearle, Pearleen, Pearlena, Pearlette, Pearley, Pearline, Pearly, Perl, Perla, Perle, Perlette, Perley, Perlie, Perly, Perry"
Pearson,"Peterson, Pierson"
Peata,"Peeta, Peyta, Pita"
Pedahel,"Pedael, Pedahil"
Pedat,
Pedzi,
Peilla,"Pepita, Pepyla"
Pekabo,
Peke,
Pekeri,
Pela,Bela
Pelagia,
Pelagios,Pelagius
Peleke,
Pelham,Pelhem
Pell,Pall
Pello,
Pembroke,"Pembrock, Pembrook"
Penda,Pendan
Pendle,"Pendal, Pendel"
Penelope,"Pelcha, Pen, Pena, Penelopa, Peneli (Gypsy), Penelia, Penina, Penna, Penny"
Peni,
Peninah,"Peni, Penie, Penina, Penini, Peninit"
Peniniya,Peninia
Penley,"Penlea, Penleigh, Pennlea, Pennley"
Penn,
Penrith,
Penrod,
Penthea,
Peony,
Peopeo,
Peopeo Hihhih,
Peopeo Ipsewahk,
Peopeo Moxmox,
Peopeo Tholekt,
Pepe,
Pepin,Pepan
Pepinga,
Perach,"Perah, Pirchit, Pirchiya, Pirha"
Perachiah,Perachia
Percival,"Parsafal, Parsefal, Perce, Percivale, Percy, Purcell"
Percy,"Pearcy, Percey"
Perdita,
Peregrine,"Pelaijo (Italian), Pelgrim (Dutch), Pellegrino, Peregrin, Peregrino"
Peretz,"Perez, Pharez"
Perfecta,
Pericles,
Peridot,Peridota
Perizada,Parizade
Perkin,"Perkins, Perrin"
Pernella,"Pernel, Pernelle"
Perry,"Peri, Perrey, Perri, Perrie"
Persephone,
Persis,"Persia, Perssis"
Perth,
Pervis,
Pesach,Pessach
Pesekava,
Peter,"Boutros (Greek/Arabic), Panos, Parnal, Peadar (Irish), Peadair (Scottish), Pearce, Pedar, Peder, Pedrinho (Portuguese), Pedro, Peerus, Peet, Peeter (Estonian), Peka (Hawaiian), Pekka (Finnish), Per, Perkin, Pero, Perrin, Perry, Pete, Petr (Bulgarian), Petros (Greek), Petru (Romanian), Piero, Pierre, Person, Pewlin (Welsh), Piera (French), Piet, Pieter, Pietrek, Pietro, Piotr, Pjotr, Pyotr"
Petiri,
Peton,"Peatin, Peaton, Petin"
Petra,"Peita, Pella (Norse), Perette, Peronne (French), Perrine (French), Pet, Peta, Petrenela (Polish), Petrina, Petrine, Petrissa, Petronela, Petronelle, Petronia, Petronija, Petronilha (Portuguese), Petronilla (Norse), Petrova, Pierette (French), Pietra (Italian)"
Petula,
Petunia,
Peuke,
Peverell,"Peverall, Peveril"
Pewlin,Peulan
Peyton,Payton
Pezi,
Pheakkley,
Phedra,"Faydra, Fedra, Phadra, Phaedra, Phedre"
Phelan,
Phelia,"Felia, Felya, Phelya"
Phelps,
Philadelphia,"Philli, Phillie"
Philana,"Philene, Philida"
Philantha,
Philberta,
Philemon,"Philamon, Philmon"
Philip,"Felep, Felip, Felipe, Feliphino (Portuguese), Filip, Filippo, Fischel (Yiddish), Phil, Philippe, Phillips, Pip, Pippo, Piripi (Maori)"
Philippa,"Felipa (Spanish), Felipe, Filippa (Italian), Philipa, Philippine, Philllipina, Pippa, Pippy"
Philo,
Philomela,Filomela
Philomena,Filomena
Philyra,Philira
Phineas,"Fineas, Pincas, Pinchas, Pinchos, Pincus"
Phiroz,
Phirun,
Phoebe,"Feba, Febe, Pheabe, Phebe (Italian), Pheby, Phobe, Theba"
Phoebus,"Phobas, Phoebius"
Phoenix,
Phthisis,
Phuoc,
Phyllis,"Filide, Fillis, Philica, Phillis, Phillys, Phylis, Phyllida, Phillyda, Phylliss"
Pia,
Piao,
Pias,
Pich,
Pickford,
Piedad,
Piers,"Pearce, Pears, Pearson, Pierson, Piersson (See also Peter)"
Pikoka,
Pilar,"Pilla, Pillar"
Pili,
Pililani,
Pilisi,
Pillan,Pilan
Piluki,
Pin,
Pinchas,"Phineas, Pinchos, Pinhas"
Pindari,
Pineki,
Ping,
Pinga,
Pingjarje,
Pino,
Pinon,
Pinpi,
Pinquana,
Pinterry,
Pio,Pius
Piper,
Piram,
Piran,"Peran, Pieran"
Pirene,
Pirrin,
Pirrit,Pirrita
Pirro,
Pita,
Pitalesharu,
Pitney,
Pitt,
Pizi,
Placida,"Placidia, Plasida"
Placido,"Placidio, Placidus, Placyd, Placydo"
Plato,Platon
Platona,
Platt,Platte
Pleasance,"Pleasant, Pleasants, Pleasence"
Po-na-kah-ko-wah,
Pocahontas,
Pocano,
Podaladalte,
Pohdlohk,
Polla,
Pollard,"Poll, Pollerd, Pollyrd"
Pollock,"Pollick, Pollok, Polock, Polok"
Pollux,Pollock
Pollyam,
Polo,Pollo
Poloma,
Polona,
Polynices,
Polyxena,Polyzena
Pomaikai,
Pomeroy,Pomaroy
Pomona,"Pomma, Pomme"
Ponce,
Poni,
Pontus,
Poppy,Poppea
Porfirio,"Porfirios, Prophyrios"
Poria,"Pora, Porya"
Porter,
Portia,"Porcha, Porscha, Porsche, Porschia, Porsha"
Posala,
Poshita,
Posin,
Posoa,
Potiki,
Poutini,
Pov,
Povyeshiek,
Powa,
Powell,"Powal, Powall, Powel"
Powhatan,
Prabhat,
Pradeep,
Pradosh,
Pragyata,
Pramod,Pramad
Prantin,
Prarthana,
Prasad,
Pratap,
Pratibha,
Pravat,
Pravin,
Praxedes,Praxiteles
Precious,"Precia, Preciosa"
Prem,
Prema,
Premilla,
Premlata,
Premysl,"Myslik, Premek, Premousek"
Prentice,"Prentis, Prentiss"
Prescott,Prestcott
Presley,"Presly, Prestly, Priestley, Priestly"
Preston,Presten
Prewitt,"Prewet, Pruitt"
Pribislav,Pribik
Pribislava,"Probena, Probka, Pribuska"
Price,"Brice, Bryce, Pryce"
Prima,"Primalia, Primetta, Primina, Priminia"
Primavera,
Primo,
Primrose,Primula
Prince,Prinz
Princess,"Prin, Pincesa, Princessa"
Prioska,Pryosha
Priscilla,"Cilla, Precilla, Prescilla, Pricilla, Pris, Prisca, Priscila, Priss, Prissie, Prissilla, Prissy, Prysilla"
Priscus,
Prisma,Prusma
Priya,"Priyal, Priyam, Priyanka, Priyasha, Priyata, Priayti"
Proctor,Prockter
Prokop,
Prometheus,
Prosper,Prospero
Prospera,Proserpine
Protima,
Prudence,"Pru, Prudencia, Prudi, Prudie, Prudu, Prudy, Prue"
Prunella,Prunelle
Pryderi,
Pryor,Prior
Przbyslaw,
Psyche,"Syche, Syke"
Ptaysanwee,
Pua,
Puakaeafe,
Puakai,Pua
Puakatau,
Puakea,
Pualani,
Pulikeka,
Puluno,
Pulupaki,
Pumeet,
Punawai,
Purdy,
Puriri,
Purity,Pureza
Purnima,
Purusha,
Purvis,"Purves, Purvise, Purviss"
Pushkara,
Putnam,Putnum
Pwyll,
Pyralis,
Pyrena,
Pyrrha,
Pythia,"Pithea, Pythis"
Qabil,"Qabic, Quabic, Quabil"
Qadesh,Qadesha
Qadim,
Qadir,Qadar
Qadira,"Kadira, Qadyra"
Qamar,
Qasim,
Qayyim,Qayim
Qimat,
Qing-nan,
Qitarah,"Qitara, Qintara"
Qohqoh Ilppilp,
Quaashie,Quashi
Quabiz,
Quadrees,Quadree
Quahah,
Quahhar,
Quain,
Quamby,
Quan Van,
Quanah,"Jaquan, Jaquin, Jaquon, Quan"
Quang Thieu,
Quarralia,
Quartilla,"Quartile, Quintile"
Qubilah,"Quabila, Qubila"
Qudamah,"Qudam, Qudama"
Quddus,
Queanbeyan,
Qued,
Queen,"Queena, Queeneste, Queenie, Queeny"
Quelatikan,
Quella,Quele
Quenby,Quenbie
Quennell,Quenell
Quentin,"Quent, Quenton, Quint, Quintan, Quintus"
Querida,
Questa,
Queta,
Quigley,
Quilla,
Quillan,"Quilan, Quilen, Quille"
Quimby,"Quenby, Quinby"
Quinci,Quincie (feminine of Quincy)
Quincy,Quinn
Quinlan,"Quindlan, Quindlen, Quinlin, Quinn, Quinnlan"
Quinn,Quin
Quintessa,Quintice
Quintina,"Quin, Quinella, Quinetta, Quinette, Quinta, Quintana, Quintessa, Quintia, Quintina, Quintona, Quintonice"
Quinto,
Quipolly,
Quiric,
Quirin,
Quirinus,
Quirita,Quirite
Quiterie,
Qunnoune,
Quoba,
Quon,
Qusay,Qussay
Raamah,"Raam, Raamia, Raamya, Rama"
Raanan,Ranan
Raanana,Ranana
Rabab,Rababa
Rabi,Rabia
Rabiah,"Rabi, Rabia"
Rachamin,"Racham, Rachaman, Rachamin, Rachim, Rachman"
Rachav,Rahab
Rachel,"Rachael, Racheal, Rachela (Polish), Rachele (Italian), Rachell, Rachelle, Rae, Raelene, Rahel (German), Rahil, Raichel, Rakel, Raoghnailt (Scottish), Raquel, Raquela, Raquella, Raquelle, Ray, Rashell, Shelley, Shelly"
Rachim,"Racham, Rachmiel, Rahim"
Rad,
Rad,
Radbert,Radburt
Radburn,"Radborn, Radbourn, Radbourne"
Radcliff,"Radcliffe, Radclith"
Radek,
Radella,Radelle
Radford,"Radferd, Radfurd"
Radha,
Radhi,
Radhiya,
Radhulbh,
Radinka,
Radinka,
Radley,"Radlee, Radleigh"
Radman,
Radmilla,"Radmila, Radmille"
Radnor,"Radnore, Rednor, Rednore"
Radomil,
Radomira,
Radoslava,
Radoslawa,
Radwa,
Radwan,"Radwen, Radwin"
Rafa,
Rafat,
Rafferty,"Raferty, Raffarty"
Rafi,"Rafee, Raffi, Raffy, Rafin"
Rafiq,"Rafee, Rafi, Rafic, Rafiki"
Rafu,
Rafya,"Rafia, Raphia"
Raghib,Raquib
Raghid,
Raghida,
Raghnall,"Ragnal, Ragnall, Rognvaldr"
Ragnar,"Ragner, Ragnor, Rainer, Rainier, Raynar, Rayner, Raynor"
Ragnborg,"Ragna, Ramborg"
Ragnild,"Ragna, Ragnel, Ragnhilda, Ragnhilde, Ragnilda, Rainel, Rainela, Ranillda, Reinheld, Renilda, Renilde"
Rago,
Rahim,Raheem
Rahman,Rahmet
Rahul,
Rai,
Raid,Rayd
Raidah,"Raida, Rayda"
Raiden,
Raiko,
Raina,"Raene, Raina, Raine, Raleine, Rana, Rania, Raya, Raylene, Rayna, Raynelle, Renana, Renanit, Renatia, Renatya, Renina, Rinatia, Rinatya"
Rainart,"Rainhard, Reinart, Reinhard, Renke"
Rainbow,
Raini,Rainee
Raisa,"Raise, Raisel, Raissa, Raisse, Raiza, Raizel, Raizela, Rayzil, Razil"
Raissa,
Raja,"Raga, Ragya, Rajya"
Raja,
Rajab,Ragab
Rajak,
Rajalakshmi,Raji
Rajan,
Rajani,"Rajana, Rajni"
Rajata,Raji
Rajendra,"Rajender, Rajinder"
Rajesh,Raja
Rajiv,
Rajnandini,
Rajnish,Rajneesh
Rakin,Rakeen
Raktim,
Raku,
Raleigh,"Railey, Rawleigh, Rawley"
Ralph,"Radulf, Rafe, Raff, Raffe, Ralf, Raoul, Raul, Roelof (Dutch), Rolf, Rolph, Rou"
Ralphine,Ralphina
Ralston,Ralfston
Ram,Ramananda
Ramaa,
Ramadan,
Ramah,Rama
Ramakrishna,
Ramelan,
Rameses,
Rami,Ramy
Ramia,
Ramiah,
Ramiro,"Ramirez, Ramos"
Ramla,
Ramnath,
Ramon,"Ramone, Ramones"
Ramona,"Mona, Raema, Ramonda, Ramonde, Raymona, Romona"
Ramsay,Ramsey
Ramsden,
Ran,
Ran,Rana
Ran,
Rana,"Raniyah, Ranna, Ranya"
Ranait,"Ranaita, Ranaite"
Ranan,"Ranen, Ranin, Ranon"
Rance,
Rand,
Randa,
Randall,"Randel, Randle, Rand, Randy"
Randolph,"Randal, Randell, Randolf, Randy"
Ranen,"Ranan, Ranin, Ranon"
Rangi,
Rangsey,"Rangsley, Rangsleigh"
Rani,"Ranen, Raney, Ranit"
Rani,"Raine, Rana, Rania, Ranice, Ranique, Ranit, Rayna, Raynell"
Ranita,"Ranice, Ranit, Ranite, Ranith, Ranitra, Ranitta"
Raniya,
Ranjana,
Ranjit,
Rankin,
Ransford,
Ransley,
Ransom,Ransome
Rant-Che-Wai-Me,
Ranveig,Ronnaug
Ranwul,Ranwil
Ranya,
Rapa,
Raphael,"Falito, Rafael, Rafaele, Rafal (Polish), Rafaelle, Rafaello, Rafe, Rafel, Rafello, Rafer, Raphello"
Raphaela,"Rafa, Rafaelia, Rafaella, Rafella, Rafelle, Raffaela, Raffaele, Raphaella, Raphaelle, Refaela, Rephaela"
Raphah,Rapha
Raquib,
Ras,Raz
Rasha,Rashea
Rasheda,"Rasheeda, Rasheedah, Rasheida, Rashidah, Rashidi (feminine of Rashid)"
Rashid,"Raashad, Rashad, Rasheed, Rasheid, Rashied, Rasheyd"
Rashida,
Rashidi,
Rashieka,"Rashika, Rasike, Rasiqua, Rasique"
Rasia,"Rasine, Rasya"
Rasmus,
Ratan,
Ratana,
Rathnait,"Ranait, Rath"
Rati,
Ratri,
Rauf,
Raven,"Ravan, Ravana, Raveen, Ravenn, Ravin, Ravina, Ravine, Ravon"
Ravi,"Rav, Ravee"
Ravia,"Raviah, Raviya"
Raviv,Ravid
Raviya,
Ravva,
Rawdon,Rawden
Rawiya,"Rawiyah, Rawya"
Rawleigh,Rawley
Rawlins,"Rawlin, Rawlinson, Rawson"
Rawnie,"Rawna, Rawnia"
Raya,Raia
Rayburn,"Raeborn, Raebourn, Raibourn, Raibourne, Rayborn, Rayburne"
Rayhan,
Raymond,"Raimo (Finnish), Raimond, Raimondo, Raimund, Raimundo, Rajmund, Ramon, Ramond, Ramonde, Ramone, Ray, Rayment, Reamonn (Irish), Redmond, Reymond, Reymondo"
Raymonde,"Raemond, Raemonda, Raimond, Raimonda, Raimonde, Rayma, Raymonda"
Rayna,"Raen, Raena, Rain, Raina, Raine, Reina, Reyna"
Raynor,"Ragnar, Rainar, Rainer, Rainier, Rainor, Ranieri, Raynar, Rayner"
Rayya,
Raz,
Raza,
Raza,
Razi,"Razilee, Razili"
Raziah,"Razia, Raziela, Razilee, Razili, Raziya"
Raziya,
Razzaq,Razaq
Rea,
Read,"Reade, Reed, Reid, Reide"
Reading,"Redding, Reeding, Reiding"
Rebecca,"Becca, Becky, Rabecca, Reaba, Reba, Rebbecca, Rebbie, Rebeca (Spanish), Rebeccah, Rebecka, Rebeckah, Rebeka, Rebekah, Rebekka, Rebekke, Rebeque, Rebi, Reiba, Reby, Reveka (Slavic), Reyba, Ree, Rheba, Riva, Rivi, Rivkah, Rivy"
Rechab,
Redford,Radford
Rediar,
Redley,"Radley, Radlea, Radleigh, Redlea, Redleigh"
Redman,
Reece,"Rees, Reese, Rhys, Rice"
Reed,"Read, Reade, Reid, Reyd"
Reena,"Rean, Reana, Reene, Reenia, Rena, Reyna"
Reeve,"Reav, Reave, Reeves, Reive"
Regan,"Raga, Raigan, Raigen, Reagan, Regana, Regen, Regin, Regina, Regine"
Regina,"Gina, Raenah, Rain, Raina, Raine, Rana, Rane, Rayna, Regan, Reggie, Regia, Regiena, Regine, Reginia, Reginna, Reina (Spanish), Reine (French), Reinette, Reyna, Rina"
Reginald,"Naldo, Raghnall (Irish), Rainault, Rainhold, Rajnold (Polish), Reg, Reggie, Reginalt, Reginauld, Regnaud, Regnauld, Rein (Estonian), Reinald, Reinaldo, Reinaldos, Reinhold, Reinold (Dutch), Reinwald, Renato (Spanish), Renault, Rene, Reynaldo, Reynaldos, Reynold, Rinaldo (Italian), Ronald"
Regis,
Rehema,
Rehor,"Horek, Rehak, Rehorek, Rehurek"
Rei,Reizo
Reichana,"Rechana, Rehana"
Reiko,Rei
Reka,
Rekha,"Reka, Rekia"
Remaziah,"Remazia, Remazya"
Remedios,
Remigiusz,
Remington,"Remie, Remmie, Remy"
Remus,"Remas, Remigius, Remos"
Remy,"Remi, Remie"
Ren,
Rena,"Erena, Erene, Irena, Irene, Reena, Reina, Reni, Renni"
Renata,"Renae, Renate, Rene, Rennie"
Renato,"Renatis, Renatus"
Rendor,
Rene,"Remee, Remmy"
Renee,"Rena, Renell, Renie, Renny"
Renfred,Ranfred
Renfrew,
Renita,Reneeta
Renjiro,
Renny,
Renshaw,"Ranshaw, Renishaw"
Renton,
Rere,
Reseda,"Resida, Seda"
Resheph,Reshef
Reta,"Reata, Reita, Rheta, Rita"
Retha,"Aretha, Areta, Reata, Reati, Ret, Reta, Reti"
Reuben,"Reubin, Reuven, Rouvin, Rube, Rubin"
Reubena,"Reubina, Rubena, Rubina"
Reuel,Ruel
Reuma,Raomi
Reva,Revia
Revaya,Revaia
Revital,Revita
Rewa,
Rewuri,
Rex,"Rey (Spanish), Roi (French)"
Rexford,
Rey,Reyes
Reyham,
Reyhan,Reihan
Reynard,"Rainard, Reinhard, Renard, Renaud, Renauld, Rennard"
Reynold,"Raenold, Rainold, Raynold, Reinold, Renald, Renard, Renardo, Renato, Reynolds, Rinald, Rinaldo"
Rez,Res
Rezin,"Rezan, Rezen, Rezi"
Rhamadhani,
Rhea,"Rea, Reana, Reane, Rhean, Ria, Riane, Ryan, Ryann"
Rhea,Rea
Rhedyn,"Readin, Rheaden, Rhedin"
Rhesa,
Rheta,"Reata, Reta, Rhetta, Rita"
Rhett,Rhet
Rhiangar,
Rhiannon,"Rheanna, Rhiana, Rhiann, Rhianna, Rhiannan, Rhianon, Rhuan, Riana, Riane, Rianna, Rianne, Riannon, Rianon, Riona"
Rhianvyen,
Rhidian,
Rhoda,"Rhodante, Rhodanthe, Rhodia, Rhodie, Rhody, Roda"
Rhodanthe,
Rhodes,"Rhodas, Rodas"
Rhodri,
Rhona,"Roana, Rona, Ronella, Ronelle, Ronna"
Rhonda,"Rhonnda, Ronda"
Rhu,
Rhun,Rhu
Rhydderch,
Rhydwyn,
Rhys,"Reace, Reece, Reese, Rhett"
Ria,
Riane,"Rhiane, Rhianna, Rianne, Ryan, Ryanne"
Ricarda,"Rica, Ricca, Richarda, Richel, Richela, Richele, Richella, Richelle, Richenda, Richenza, Richia, Richmall, Ricki, Rickie, Ricky, Riki, Rikki, Rikky"
Richael,"Ricael, Rikael"
Richard,"Dick, Dickie, Reju (Finnish), Ric, Ricard, Ricardo, Ricco, Rich, Richart, Richie, Rick, Rickard, Rickert, Ricky, Rico, Riik (Dutch), Riki (Estonian), Riocard, Ritchard, Ritchie, Ryszard"
Richmond,"Richman, Richmand, Richmon, Richmund"
Rickma,Ricma
Rickward,"Rickwerd, Rickwood"
Rida,"Reda, Radeyah, Rida, Ridha"
Riddhi,
Rider,"Ridder, Ridley, Ryder"
Ridge,"Rigg, Riggs"
Ridgeway,
Ridgley,"Ridgeleigh, Ridgeley, Ridgleigh"
Ridley,"Ridlea, Ridly"
Rigborg,
Rigel,
Rigmor,
Rihana,"Rhiana, Rhiane, Riana"
Riku,Rikuyo
Riley,"Reilly, Ryley"
Rilla,"Rila, Riletta, Rilette"
Rima,
Rimon,
Rimona,Remone
Rimu,
Rin,
Rina,"Reana, Reina, Rinah"
Rinda,Rind
Ring,Ringo
Ringo,
Rinji,
Rioghnach,Riona
Riona,
Riordan,Reardon
Ripley,"Riplea, Ripleigh, Riply"
Risa,"Riesa, Rise, Rysa"
Risha,
Rishi,
Rishon,
Rishona,
Risley,"Risleigh, Wrisley"
Riston,Wriston
Rita,"Reata, Reta, Ritta"
Rithisak,
Ritika,
Ritsa,
Ritter,Rittar
Ritzpah,"Ritzpah, Rizpah"
Riva,"Reva, Rivah"
Rivai,
Rivka,"Rifka, Rifke, Riki, Rivai, Rivca, Rivcka, Rivi, Rivvy"
Riyad,Riyadh
Rizpah,Rizpa
Roald,
Roark,"Roarke, Rorke, Ruark"
Robert,"Bert, Bertie, Bob, Bobby, Rab, Rabbie, Riobard (Irish), Rip, Rob, Robart, Robbie, Robbins, Robbinson, Robby, Robers, Robertino, Roberto, Roberts, Robertson, Robi, Robin, Robinson, Roudbert (French), Rupert, Ruperto, Ruprecht"
Roberta,"Berta, Bertie, Bobbett, Bobbi, Bobbie, Bobby, Bobina, Bobine, Robbi, Robbie, Robby, Robena, Robenia, Robertena, Robertha, Robertina, Robin, Robina, Robine, Robinette, Robinia, Robyn, Robyna, Rogan, Roynne, Ruberta, Ruperta"
Robin,"Rebin, Rebina, Robee, Robbie, Robena, Robene, Robenia, Robina, Robine, Robinette"
Robinson,"Robeson, Robson"
Rocco,"Roch, Roche, Rochus, Rock, Rocky, Roque"
Rochelle,"Rachel, Roch, Rochele, Rochella, Rochette, Roshel, Roshele, Roshelle, Shell, Shelley"
Rochester,"Chester, Chet, Rock"
Rocio,
Rockford,
Rockley,Rockleigh
Rockwell,
Rod,"Rey, Roi, Ruy"
Rodden,"Rodan, Roddan, Roddin, Roden, Rodin"
Roderica,"Rica, Roddie, Roderique"
Roderick,"Broderick, Brodrick, Rhodri, Rod, Roddy, Roderich, Roderigo, Rodrick, Rodrigo, Rodrigue, Rodrique, Rory, Rurik (Slavic), Ruy (Spanish)"
Rodman,
Rodnae,"Rodna, Rodnai, Rodnesha, Rodneta, Rodnette"
Rodney,"Rodnee, Rodnie"
Roe,Rowe
Rogan,"Rogen, Rogin"
Roger,"Hrodjier, Raadgjer (Norwegian), Rodge, Rodger, Rog, Rogelio, Rogerio, Rogero, Rogers, Rogiero, Rozer, Ruggiero, Rutger (Dutch)"
Rohan,
Rohana,"Rochana, Rohanna"
Rohin,
Rohit,
Roka,
Rokeya,
Rokuko,
Roland,"Land, Lando, Lannie, Lanny, Oland, Ordando, Orlan, Orlando, Orlo, Rolando, Roldan, Roley, Rolland, Rollie, Rollin, Rollo, Row, Rowland, Ruland (German)"
Rolanda,"Orlanda (Italian), Orlande, Rolande, Rolandia"
Roma,"Romana, Romelle, Romilda, Romina, Romma, Romola"
Romaine,Romene
Roman,"Romain, Romano, Romanos"
Romana,
Romeo,
Romilda,
Romilly,
Romney,Romero
Romola,"Romula, Romella, Romelle, Romi, Romolla, Romy"
Romulus,
Rona,Ronna
Rona,Ronna
Ronald,"Raghnall (Irish), Ranald, Renaldo, Ron, Ronnie"
Ronalda,Ronaldia
Ronan,
Ronel,"Ronnel, Ronnell"
Ronela,"Ronella, Ronia, Roniyah"
Roni,"Rani, Rania, Ranya, Ronia, Ronice, Ronit, Ronli, Ronya"
Roniya,Ronia
Ronni,"Ronette, Ronna"
Ronson,"Bronsen, Bronson, Ronsen"
Rooney,"Rowan, Rowen, Rowney"
Roper,
Rory,Rurik (Slavic)
Rosalba,
Rosalind,"Ros, Rosalin, Rosalina, Rosaline, Rosalyn, Rosina, Roz, Roza (Slavic), Rozali, Rozalia, Rozalind, Rozelle, Rozlyn"
Rosamond,"Ros, Rosamunda, Rosemond, Roz"
Rosanna,"Roanna, Roanne, Rosanne"
Roschan,"Rochana, Rochani, Roschana, Roshan, Roshana, Roshanara, Roshni"
Roscislawa,
Roscoe,"Rosco, Ross"
Roscrana,
Rose,"Roda (Polish), Rodice, Rodicia, Roesia (French), Rois (Irish), Roisin (Irish), Roosja (Dutch), Rosa, Rosabel, Rosabell, Rosabella, Rosabelle, Rosalee, Rosaley, Rosalia, Rosalie, Rosalin, Rosea, Rosella, Roselle, Rosetta, Rosette, Rosey, Rosi, Rosia, Rosie, Rosina, Rosita (Spanish), Rosy, Ruza (Slavic), Ruzena, Ruzenka, Ruzsa, Zita"
Roseanne,"Rosan, Rosana, Rosanna"
Rosemary,"Rosemarie, Romy"
Roshan,
Roshe,Rosh
Roslin,"Rosselin, Rozlin"
Ross,Rossell
Rostislav,"Rosta, Rostecek, Rostek"
Rostislava,"Rosta, Rostina, Rostinka, Rostuska"
Roswell,
Roth,
Rothwell,
Roto,
Roula,
Rover,
Rowan,"Rhoan, Roan, Rohen, Rohin, Rowe, Rowen"
Rowell,
Rowena,"Rana, Rhonwen, Rohana, Ronwen, Roweena, Roweina, Rowena, Rowina, Rowine"
Rowley,"Rowlea, Rowleigh"
Roxanne,"Rexan, Rexanne, Roxana, Roxane, Roxann, Roxianne, Roxene, Roxie, Roxine, Roxy"
Roxbury,Roxburghe
Roy,"Rey, Ruy"
Royal,
Royale,"Royalene, Royall, Royalle"
Royce,Roice
Royden,"Roydan, Roydon"
Royston,
Rozen,
Ru-Tan-Ye-Wee-Ma,
Ruadhan,
Ruadhan,Rowan
Ruana,Ruane
Ruana,
Ruby,"Rubetta, Rubia, Rubina, Rubinia, Rubye, Rubyna"
Ruchi,
Ruchika,
Rudd,
Rudelle,Rudella
Rudo,
Rudolph,"Dolph, Raoul, Raul, Raulus (Lithuanian), Ridolfo, Rodolfo, Rodolphe, Rolf, Rollo, Rudolfo, Rudy"
Rudolpha,
Rudra,"Rudi, Rudie, Rudy"
Rudyard,
Ruel,"Ruela, Ruele"
Rufaro,
Rufina,Rufeine
Ruford,
Rufus,"Roufous, Ruefus"
Rugby,
Rui,
Rukan,"Rukana, Rukane"
Rukiya,
Rukmini,
Rula,"Roula, Ruela, Rulla"
Rumer,"Rouma, Ruma"
Rumford,
Runa,Rula
Runako,
Rune,Roone
Rungie,
Rupal,"Rupala, Rupali, Rupinder"
Ruqayya,"Ruqayah, Ruqayyah"
Ruri,
Rurik,"Roar, Rorek, Roth, Rothrekr"
Rusalka,
Rush,
Rushford,
Ruskin,
Russell,"Russ, Russel"
Ruta,
Ruth,"Ruthe, Ruthella, Ruthelle, Ruthetta, Ruthi, Ruthie, Ruthina, Ruthine, Ruthy"
Rutherford,
Rutland,
Rutley,
Ruud,
Ruwaydah,
Ryan,"Rian, Rien, Riun, Rhian, Rhion, Ryne, Ryon, Ryun"
Ryba,Riba
Rycroft,Ryecroft
Ryland,"Ryeland, Rylan"
Rymer,Rimer
Ryp,
Ryton,
Saad,"Saadia, Saadya, Saadyah"
Saada,
Saarik,Sarik
Saba,Sabah
Saba,
Sabara,Sabra
Saber,Sabre
Sabetha,
Sabin,"Sabian, Sabino"
Sabina,"Bina, Sabine, Sabinka, Sabinna, Savina, Savine, Sebine"
Sabir,"Sabar, Sabor, Sabri"
Sabira,"Sabirah, Sabriyya, Sabriyyah"
Sabiti,Sabit
Sabiya,"Saba, Sabaya"
Sabola,Sabol
Sabra,"Sabrah, Sabreen, Sabrena, Sabrinna, Sebra"
Sabrina,"Brina, Sabre, Sabrinna, Sebrina, Zabrina, Zebrina"
Sabriyya,Sabriya
Saburo,
Sacajawea,
Sachdev,
Sachi,
Sachiel,
Sachiko,Sachi
Sachio,
Sada,
Saddam,
Sadhana,
Sadhbh,"Sabha, Sabia, Sadbha, Sadhbha, Saidhbhe, Saidhbhin, Sive"
Sadiki,"Saadiq, Sadique"
Sadira,Sadra
Sadiya,"Sadia, Sadya"
Sadler,
Sadoc,Sadok
Sadowy,Sadowi
Sadzi,Sadzia
Saebhreathach,
Saeed,
Safa,"Safiyya, Safiyyah"
Safaia,
Saffi,
Safford,
Saffron,"Saffren, Saffrona, Saffronia, Saphron"
Safi,
Safiya,"Saffa, Safia"
Safwat,
Saga,
Sagar,Sager
Sagara,
Sage,"Saige, Sayge"
Sagoyewatha,
Sahaj,
Sahale,Sahal
Sahar,
Sahen,
Sahil,
Sahkonteic,
Sahkyo,
Sahn,
Sahpooly,
Sai,Saiko
Sai,
Said,"Saeed, Sajid, Sayeed, Sayid"
Saidah,
Sajag,
Sajan,
Sajjan,
Saka,
Sakae,
Sakari,
Sakarissa,Sagarissa
Sakhr,Sakhir
Saki,
Sakima,
Sakngea,
Sakti,
Sakuna,
Sakura,
Sakuruta,
Sala,Salla
Salah,"Saladin, Saldin, Saleh, Salih"
Salali,
Salama,
Salato,
Salena,Salina
Salene,
Salha,
Salid,
Salida,"Selda, Selde"
Salih,
Salihah,
Salim,"Salam, Saleem, Salem"
Salimah,"Salima, Salma"
Salisbury,Salisbery
Sallu,
Salma,
Salmalin,
Salome,"Saloma, Salomey, Salomi, Salomia"
Salote,
Salton,Salten
Salu,
Salus,
Salvadora,
Salvatore,"Sal, Salvador, Salvidor, Sauveur (French), Xavier, Xaviero, Zavier, Zaviero"
Salvia,Salvina
Salwa,
Samala,"Samale, Sammala"
Samani,
Samantha,"Sam, Samana, Samella, Samentha, Sammantha, Sammee, Sammey, Sammi, Sammie, Sammy, Samya, Semanntha, Semantha, Simantha, Symantha"
Samar,
Samara,"Samaria, Sammara"
Samaru,
Sambhu,
Sameh,
Samena,
Samgar,
Samhaoir,
Sami,
Samia,"Samihah, Samira, Samirah"
Samih,
Samina,"Sameena, Sameenah"
Samir,
Samisoni,
Samman,Sammon
Samoset,
Samson,"Sam, Sampson, Sansim (French), Sansom, Sanson, Sansone, Shem"
Samuel,"Sam, Samel, Sammy, Samuele, Samuello, Shem"
Samuela,"Samella, Samelle, Samuella, Samuelle"
Samuru,
Samya,
Sana,"Saniyya, Saniyyah"
Sananda,
Sanat,
Sanborn,"Sanborne, Sanbourn, Sanbourne, Sandborne, Sandbourne"
Sancho,"Sanchez, Sauncho"
Sancia,"Sancha, Sanchia, Sanzia"
Sandeep,
Sanders,"Sander, Sanderson, Sandor, Saunders, Saunderson"
Sanditon,
Sandor,(see Alexander)
Sandra,"Saundi, Saundra (see also Alexandra)"
Sandyha,
Sanford,"Sandford, Sanfurd"
Sang-ook,
Sangata,
Sani,
Sanjana,
Sanjay,
Sanjay,Sanjai
Sanjiro,
Sanjiv,
Sanne,
Sansana,
Santana,Santanio
Santavana,
Santerl,Santrel
Santiago,Santia
Santo,Santos
Santosh,
Santoso,
Sanura,
Sanuye,
Sanya,
Sanyogita,
Sanyu,
Sapata,
Sapphira,"Safira, Saphira, Sapir, Sapira, Sapirit, Sapphire, Sephira"
Sappi,"Sapi, Sapia, Sapie"
Saqr,
Sarab,
Sarad,Saradd
Sarah,"Morag (Scots Gaelic), Saarah (Arabic), Sadee, Sadella, Sadelle, Sadellia, Sadie, Sadye, Saidee, Sal, Salaidh, Saleena, Salena, Salene, Sallee, Salley, Sally, Sara, Sarae, Sareen, Sarena, Saretta, Sarette, Sari, Saria, Sarice, Sarika, Sarina, Sarine, Sarita, Saritia, Sarolta (Hungarian), Sarotte (French), Sarra, Sarya, Sasa (Hungarian), Serita, Shara, Sharai, Sharayah, Sorcha, Sydel, Sydelle, Zahra, Zalina, Zaline, Zara, Zaria, Zarita (Spanish), Zarra"
Sarala,
Saranu,Sarana
Saraswati,
Saraunlya,
Sargent,"Sarge, Sergent, Serjeant"
Sargon,
Sarik,
Saril,
Sarita,
Sariyah,
Sarngin,Sarojin
Saroja,Saroj
Sarojini,
Sarpsis Ilppilp,
Sarugin,
Sarwin,
Sasa,
Sasha,"Sacha, Sascha, Saschenka"
Saskia,
Sasona,
Sassacus,
Sastaretsi,
Sastra,
Satara,Sataria
Satin,
Satinka,
Sato,
Satoria,Satori
Saturnin,
Satyarupa,Satarupa
Sauda,
Saul,"Sol, Sollie"
Saura,
Sauts,
Savanna,"Savana, Savanah, Savania, Savannah, Savonna, Sevanna"
Saville,"Savil, Savile, Savylle"
Savitri,
Saw,
Sawa,
Sawney,
Sawni,Suwanee
Sawsan,Sawson
Sawyl,
Saxon,"Saxe, Saxen"
Saxona,
Sayed,
Sayer,"Sayers, Sayre, Sayres, Sawyer"
Sayo,
Sayyid,
Scanlon,Scanlan
Scarlett,"Scarlet, Scarlette"
Scenanki,
Schuyler,"Schuylar, Schyler, Skuyler, Skylar, Skyler"
Scipio,"Scipion, Scipione"
Scott,"Scottie, Scotto"
Scoville,"Scovil, Scovile, Scovill"
Scully,"Sculley, Skelly, Skelley"
Seabrook,Seabrooke
Seafra,
Sean,Shane (see John)
Seanan,"Senan, Sinan, Sinon"
Searle,"Searl, Searlas, Serle"
Season,
Seaton,"Seeton, Seton"
Sebastian,"Bastian, Bastien, Seb, Sebastiano, Sebo"
Sebastiane,"Seb, Sebesta (Bohemian), Sebastiana, Sebastienne"
Seble,
Secunda,
Sed,
Seda,
Sedgley,Sedgeley
Sedgwick,"Sedgewick, Sedgwyck"
Sedna,
Seeley,"Sealey, Seely"
Seema,"Seemah, Simah"
Seeyakoon Ilppilp,
Sef,
Sefton,
Sefu,
Segel,"Seagel, Segell"
Seger,"Seager, Seegar"
Segub,
Segundo,
Seif,
Seiji,
Seiko,
Sein,
Seini,
Seiran,Seirol
Sekan,Sekani
Sekar,Shekhar
Sekaye,Sekay
Sekelaga,
Sekhmet,
Seki,
Selah,
Selby,Shelby
Seldon,"Selden, Shelden"
Seled,Seledd
Selena,"Celena, Celene, Celie, Celina, Celinda, Celine, Celyna, Salena, Salina, Salinah, Sela, Selene, Selia, Selina, Selinda, Seline, Sena"
Selig,"Seligman, Zelig"
Selima,"Selimah, Selma"
Selwyn,"Selwinn, Selwynn"
Sema,
Sema,
Semanda,
Semeicha,Semecha
Semele,
Semi,
Semiramis,Semira
Semisti,Simi
Sempala,
Sen,
Senalda,
Senga,
Sennett,"Senan (Irish), Sene, Senet, Senett, Senit"
Senwe,
Seoirse,Searsa
Seona,"Seonag, Shona"
Seosaimhthin,
Seosamh,"Sedsap, Sedsaph"
September,
Septima,
Septimus,
Sequoyah,
Serach,
Seraphim,"Serafin, Serafino, Seraphimus"
Seraphina,"Serafina, Serafine, Seraphe, Seraphine, Serofina"
Serena,"Reena, Sareen, Sarena, Sarene (French), Sarina, Sarine, Sereena, Serenah, Serene, Serenna, Serina, Seryna"
Sereno,Cereno
Serge,"Seargeoh, Sergei, Sergey, Sergio, Sergios, Sergiusz, Serguei, Sirgio, Sirgios"
Serica,Sarica
Serilda,"Sarilda, Serhilda, Serhilde, Serrilda"
Servaas,
Sesheta,Seshat
Set-tainte,
Setangya,
Seth,
Setimba,
Setimkia,
Setsu,Setsuko
Severin,"Seweryn, Sevrin"
Severn,
Sevilen,Sevilan
Seward,Sewerd
Sewati,
Sewell,"Sewald, Sewall"
Sexton,
Sextus,Sixtus
Seymour,"Seamore, Seamour"
Shaanan,
Shaanana,
Shachar,
Shachariya,"Schacharia, Shacharit, Shacharita, Shaharit, Shaharita"
Shachor,Shahor
Shad,
Shada,
Shadi,
Shadrach,"Shadrac, Shadrack, Shadrick"
Shadya,"Shadiya, Shadiyah"
Shafan,Shafhan
Shafer,
Shafiq,"Shaff, Shafi"
Shafiqa,"Shafia, Shafiqah"
Shafira,
Shahar,
Shahid,
Shahina,
Shahira,Shahirah
Shahzad,
Shai,Shae
Shaila,
Shaiming,
Shaina,"Shaena, Shainah, Shaine, Shanie, Shayna, Shayne"
Shaka,Shakia
Shakil,Shakeel
Shakila,
Shakir,"Shakeer, Shukri"
Shakti,
Shakuntala,
Shalev,
Shalgia,
Shalom,"Sholom, Solomon"
Shalva,"Shalvah, Shalviya"
Shameena,
Shamika,"Shameca, Shameke"
Shamin,
Shamir,
Shammai,
Shammara,Shamara
Shanahan,
Shanasa,
Shanda,"Chanda, Shana"
Shandar,
Shandy,Shandey
Shani,
Shani,
Shania,
Shaningo,Shenango
Shanita,
Shank,
Shankara,"Sankar, Sankara, Shankar"
Shanley,
Shannon,"Channa, Channon, Shana, Shanae, Shanan, Shanay, Shandy, Shane, Shani, Shanie, Shann, Shannan, Shannen, Shanon"
Shantal,"Chantal, Shanta, Shante, Shontal, Shontelle"
Shapira,
Shapoor,
Shappa,
Shaqueita,Shaqueta
Shaquille,"Shaq, Shaquil"
Sharad,
Sharanee,"Sharanya, Sharna"
Sharde,"Sade, Shadae, Sharda, Shardae, Sharday"
Sharif,Shareef
Sharifa,"Sharifah, Sharufa, Sherifa, Sherifah"
Sharik,
Sharon,"Charan, Charin, Cheron, Saronna, Shara, Sharai, Sharan, Sharen, Shari, Sharin, Sharla, Sharolyn, Sharona, Sharonda, Sharone, Sharran, Sharren, Sharron, Sharronda, Sharronne, Sharyn, Sheren, Sherice, Shericia, Sheron, Sherri, Sherry, Sherryn"
Shasta,
Shastra,
Shatara,
Shateyaronyah,
Shatha,
Shavar,"Shavara, Shavir"
Shaw,
Shawn,"Sean, Seana, Seane, Shana, Shauna, Shaunda, Shaune, Shauneen, Shaunna, Shawna, Shawnda, Shawnee, Shawneen, Shawnna, Sianna"
Shea,"Shae, Shayla, Shaylyn"
Sheba,"Saba, Shebah"
Shechem,
Sheehan,
Sheela,Sheeli
Sheena,"Shavaun, Sheenah, Sheina, Shiona, Shona, Sionaid, Sine, Sinead, Siobhan, Siobahn"
Shefer,
Sheffield,
Sheherazade,"Shahrazad, Shahrizad, Sheherazad"
Sheila,"Seila, Selia, Shayla, Sheela, Sheilagh, Shela, Shelia, Shiela"
Sheina,"Shaina, Shaindel, Shaine, Shana, Shayna, Shayndel, Sheindel, Shona, Shoni, Shonie"
Shekeda,"Shekedia, Shekediya"
Shelavya,Shelavia
Shelby,
Sheldon,Sheldin
Shelesh,
Sheliya,"Sheli, Shelia, Shelli"
Shelley,
Shelton,
Shem,
Shen,
Shenandoah,
Sheng,
Sheng-li,
Shepherd,"Shep, Sheppard"
Shepley,"Shepply, Shipley"
Shera,
Sherborn,"Sherbourne, Sherburn, Sherburne"
Sheridan,Sheridon
Sherika,
Sherlock,
Sherman,Schermann
Sherrod,Sherod
Sherwin,"Sherwind, Sherwyn"
Sherwood,Shurwood
Sheva,
Shevi,"Sheuvel, Shvuel"
Shifa,
Shifra,"Schifra, Shifra, Shifrah"
Shihab,
Shika,
Shilin,
Shillem,Shilem
Shilo,
Shilra,"Schilra, Shilrah"
Shima,
Shimon,
Shimona,"Simeona, Simona"
Shimri,
Shimriah,"Shimra, Shimria, Shimrit, Shimriya"
Shimron,
Shimson,Shimshon
Shin,
Shin-il,
Shina,Shinako
Shing,
Shino,
Shipton,
Shirae,
Shiri,"Shira, Shirah, Shirit"
Shirin,Shirina
Shirley,"Sher, Sheryl, Shirl, Shirlean, Shirleen, Shirlene, Shirlynn, Shurly"
Shirna,
Shiro,
Shivaji,Shiva
Shizu,"Shizue, Shizuko, Shizuyo"
Shlomo,
Shobhan,
Shobhana,"Shobha, Shobhini"
Shoda,
Sholto,
Shomer,
Shomera,"Shomria, Shomriah, Shomrit, Shomriya, Shomrona"
Shona,"Shonah, Shone (feminine of John)"
Shonak,
Shoni,
Shonkah Sabe,
Shoshana,"Shosha, Shoshanah, Shoshanna, Shoshi"
Shovai,
Shrilekha,
Shu,
Shuala,
Shukriya,Shukriyyah
Shukura,Shukuma
Shulamith,"Shelomit, Shlamit, Shula, Sula, Sulamith"
Shumana,Shuma
Shunnar,
Shuzo,
Shyam,Sham
Shyama,
Shyla,
Siadhal,Siaghal
Siaki,"Sione, Soane, Sone"
Siale,Sial
Sialea-lea,
Siany,"Slaine, Slainie, Slania"
Siaosi,
Siarl,
Sibeta,
Sibongile,
Sibyl,"Cebele (French), Cybill, Sevilla (Spanish), Sib, Sibbell, Sibel, Sibeale (Irish), Sibell, Sibella, Sibelle, Sibeal, Sibilla (Italian), Sibyll, Sibylla, Sibylle (French), Sybel, Sybella, Sybelle, Sybil, Sybill, Sybilla, Sybille, Sybyl"
Sidba,
Siddell,"Siddel, Sidel"
Sidney,"Sid, Sydney"
Sidonia,"Sidaine, Sidonie, Sidonius, Syndonia"
Sidra,
Sidwell,Sidwel
Siegfried,"Sigfred, Sigfrid, Sigfryd, Sigvard"
Siencyn,
Sierra,"Siara, Siera"
Siete,
Sif,Siv
Sigbjorn,"Sigge, Sikke"
Sigele,
Sigfreda,"Sigfrieda, Sigfryda"
Sigfried,"Siffre (French), Sigfrid, Sigfroi, Sigvard (Norwegian)"
Sigismonda,"Sigismunda, Sigmonda, Sigmunda"
Sigmund,"Sigismond, Sigismondo, Sigismundus, Sigmond, Szygmond"
Signa,
Signa,"Signe, Signild, Signilda, Signilde, Signy"
Sigourney,
Sigrid,Siri
Sigrun,
Sigwald,Siegwald
Sigyn,
Siham,
Sihu,
Siko,
Sikota,
Sikueli,
Sikwaii,
Silja,
Silpe,
Silvanus,"Silas, Silvain, Silvano, Silvaon, Silvanus, Silvio, Sylas, Sylvan, Sylvio"
Sima,
Simba,
Simcha,
Simi,
Simidh,
Simon,"Jimenes, Jimenez, Seimein (Greek), Shimon, Si, Simeon, Simmias, Simmonds, Simmons, Simms, Simo, Simpson, Siomon, Szymon, Ximenes, Ximenez"
Simone,"Simona, Simonetta, Simonette, Simonia, Simonina, Symona, Symone"
Sinclair,
Sinead,"Seonaid, Sine"
Sinopa,
Sinou,
Sinte Gleska,Sinte Galeska
Sinte Maza,
Sintram,
Sioal'a,
Siobhan,"Chavonne, Chevonne, Chivon, Shavaun, Shavon, Shavone, Shevon, Shevonne, Shivahn, Shivonne, Shyvon, Shyvonne, Sina, Sinah, Siobahn (feminine of John)"
Sior,
Sipalo,
Sipeta,
Sipho,
Siraj,
Sirena,"Cerena, Serin, Sibena, Sireena, Sirene, Siri (Scandinavian), Sirin, Syrena"
Sisika,
Sisto,
Sita,"Seeta, Seetha, Siti"
Siti,
Sitoake,
Siua,
Sivan,
Sivana,
Siward,
Siwili,
Sixten,
Sixtus,
Sjofen,
Skenandoa,
Skene,Sken
Skerry,
Skip,Skipper
Skiriki,
Skul,
Skye,
Skyler,"Schyler, Schuyler, Skyla, Sklar, Skyllar"
Slade,"Slaide, Sladen, Slayde"
Slavin,"Slavik, Slavin, Slawin, Sleven"
Slem-Hak-Kah,
Sloan,Sloane
Sloane,Sloana
Smashi,"Shashibala, Shashini"
Smedley,"Smedleigh, Smedly"
Smiljana,
Smith,"Smitty, Smyth, Smythe"
Snana,
Snowden,Snowdon
Snowdrop,
So,
Sobeslav,"Sobes, Sobik"
Sobeslava,"Sobena, Sobeska"
Sobieslaw,
Socorro,
Socrates,"Socratis, Sokrates"
Sofian,
Sofronia,
Sohan,
Sohil,
Soja,
Solada,
Solana,"Solenne, Solina, Soline, Souline, Soulle, Zelena, Zelene, Zelia, Zelie, Zelina, Zeline"
Solange,"Souline, Zeline"
Soledad,Sola
Solita,
Solomon,"Salamen, Salamon, Salaun, Salman, Salmon, Salomo, Salomon, Selim, Shlomo, Sholom, Sol, Solamh (Irish), Sollie, Zalman, Zakmin, Zalmon"
Solva,
Solveig,"Solvag, Solve, Solvig"
Solvig,
Soma,
Somerled,
Somerset,
Somerton,Somerville
Somhairle,Sorley
Son,
Sona,"Sonal, Sonala, Sonali, Sonika, Sonita"
Sonel,
Songan,
Sonnur,
Sono,
Sook,
Sook-Joo,
Soon-Bok,
Sopheary,
Sophia,"Asofe, Beathag (Scottish), Sadhbba (Irish), Sofee, Sofi, Sofia, Soficita, Sofka, Sofya, Sonia, Sonja, Sonya, Sophey, Sophie, Sophy, Zofe, Zofia, Zofie, Zofka, Zophia (Polish), Zosha, Zosia, Zsofia"
Sophronia,"Soffrona, Sofronia"
Soportevy,
Sora,
Soraya,
Sorcha,
Soreka,
Soren,
Sorley,
Sorrel,"Sorrell, Sorrelle"
Sorrell,
Soso,
Sospita,
Soterious,
Sovann,
Spalding,Spaulding
Spemicalawba,
Spencer,"Spence, Spenser"
Speranza,"Esperance, Speranca"
Spira,
Spiridon,"Spiridion, Spiro, Spiros, Spyridon, Spyros"
Spreckley,
Spring,
Squire,
Sri,"Shree, Shri"
St. John,"Sinjin, Sinjon"
Stafford,
Stamos,
Stanborough,
Stanbury,"Stanbery, Stanburghe"
Stancil,Stancile
Stancliff,
Standish,
Stanfield,Stansfield
Stanford,"Stamford, Standford"
Stanislaus,"Stanislavs, Stanislaw"
Stanislava,"Stana, Stanuska, Stinicka"
Stanley,"Stan, Stanlee, Stanly"
Stanmore,
Stanton,Staunton
Stanway,Stanaway
Stanwick,
Stanwood,
Star,"Starla, Starlene"
Starling,
Starr,
Stavros,
Steadman,
Steel,
Stein,
Stella,"Estelle, Estrella, Stelle"
Stephanie,"Estaphania, Etienette, Stefania, Stefanidia (Russian), Stefanie, Steffi, Steffie, Stepana (Czech), Stepania, Stepanie, Stepha, Stephana, Stephania, Stephanine, Stephannie, Stephena, Stephene, Stepheney, Stephenie, Stephine, Stephne, Stephney, Stevana, Stevey, Stevi, Stevie"
Stephen,"Esteban, Estefan, Estevan, Etienne, Staffan, Stavros, Stefan, Stefano, Steffen, Stephan, Stephanus, Stephens, Stephenson, Steve, Stevie"
Sterling,
Sterne,"Stearn, Stearns"
Stewart,Stuart
Stig,"Styge, Styg"
Stiggur,
Stillman,
Stockard,
Stockley,
Stockton,
Stockwell,
Stoddard,
Storm,"Stormi, Stormie, Stormy"
Storr,
Strahan,Strachan
Stratford,
Strom,
Struthers,
Sture,
Styles,
Subhash,
Subhi,
Subira,
Suchin,
Sudarshana,
Sudas,
Sudhir,
Sudi,
Sued,
Suffield,
Sugden,
Sugi,
Suhad,"Suhair, Suhar, Suhayr"
Suhaila,Suhayila
Suhailah,
Suhayl,Suhail
Suhuba,
Suibhne,Sivney
Sujata,
Sujay,
Sujit,
Suki,
Sukoji,
Sukru,
Sula,
Sulaiman,"Suleiman, Suleyman"
Sulakhna,
Suletu,
Sulktalthscosum,
Sullivan,Sully
Sully,Sulley
Sulwen,
Sulwyn,
Suma,
Suman,
Sumantra,
Sumati,
Sumi,
Sumiko,
Summer,"Somer, Sommer"
Sun,
Sun-Hi,
Sun-Hi,
Sunayana,Sunayani
Sundara,"Sundar, Sundarama, Sunder"
Sundari,Sundara
Sundeep,
Sunee,
Suni,
Sunil,
Sunita,
Sunki,
Sunniva,"Synnova, Synnove"
Sunny,"Sunnie, Sunni, Sunita, Sunshine"
Suragana,
Suraj,
Surata,
Suri,
Suri,
Surina,
Surya,
Susan,"Shoshana (Spanish), Shushana, Sioux, Siouxsie, Sosanna (Italian), Sue, Suke, Sukee, Sukey, Suki, Sukie, Suky, Susann, Susanna, Susannah, Susanne, Susetta, Susette, Susi, Susie, Susy, Suzan, Suzane, Suzanna, Suzannah, Suzanne, Suze, Suzetta, Suzette, Suzi, Suzie, Suzy, Zsa Zsa (Hungarian), Zusa (Slavic), Zuza"
Sushanti,
Sushoban,
Sushobhana,
Susruta,"Sushrut, Sushruta"
Sutcliff,
Sutherland,
Sutki,
Sutton,
Suzu,
Suzuki,"Suzue, Suzuko"
Suzuko,
Suzume,
Svanhild,
Svannt,
Svara,
Svea,
Sven,"Svend, Sveinn, Swen, Swenson"
Svetlana,"Svetla, Svetlanka, Svetluse, Svetluvska"
Swain,
Swarup,
Sweeney,Sweeny
Swietomierz,
Swinburne,
Swinford,Swynford
Swinton,
Swithin,"Swithan, Swithen"
Swoosie,"Swoozie, Swoozy"
Sya,
Sydney,"Sydel, Sydelle, Sydnie, Sydny"
Syed,Sied
Sying,
Syke,
Sylvester,"Silvestre, Silvestro, Sly"
Sylvia,"Silva, Silvaine, Silvana, Silvania, Silvanna, Silvia, Silviana, Silvianne, Silvie, Sylva, Sylvana, Sylvanna, Sylvee, Sylvie, Silvine, Sylwia, Zilvia"
Symington,
Syna,
Syon,
Syona,
Syreeta,
Szczesny,
Ta,
Ta'ahine,
Taamiti,Taamit
Taaveti,"Taveti, Tavery"
Tab,"Tabb, Taber, Tabor"
Tabari,Tabaris
Tabbai,
Tabbebo,
Tabia,
Tabib,
Tabina,
Tabitha,"Tabatha, Tabbitha, Tabby, Tabetha, Tabotha, Tabytha"
Tabor,"Taber, Taibor, Taybor, Tayber"
Tabulum,
Taci,
Tacita,"Tace, Tacey"
Tad,Tadd
Tadan,"Taden, Tadin"
Tadao,
Tadashi,
Taddea,"Tadea, Tadia, Tadya (Feminine of Thaddeus)"
Tadewi,Tadi
Tadhg,Teague
Tadi,
Tadita,Tadeta
Tadzi,
Taffy,
Tafne,
Taggart,Taggert
Taghee,
Taghrid,
Taha,
Tahatan,
Tahcawin,
Tahe Gahe,
Taheton,
Tahi,
Tahir,Taheer
Tahira,
Tahiyya,Tahiyyah
Tahmoor,Tamora
Tahnee,
Tahoma,
Tai,
Taika,
Taima,"Taimah, Taiomah"
Taimah,
Taimani,
Tain,
Tain,Tainee
Taipa,
Tais,
Tait,"Tate, Tayte"
Taiwo,
Taiwo,
Taizo,
Taj,
Taja,
Taji,
Taka,
Takala,Takalah
Takanga,
Takaniko,
Takara,
Takayren,
Takeko,
Takenya,
Takeo,
Takeshi,Takeishi
Taki,Takie
Takia,"Takeiya, Takeya, Takya, Taqiya, Tekiya, Tekia, Tykia"
Takira,"Takara, Takiria, Taquera, Tikara"
Taklishim,
Takoda,
Takuhi,Takoohi
Tal,Talor
Tala,
Talal,"Talala, Talila"
Talanoa,
Talasi,
Talbot,"Talbert, Talbott"
Taldra,
Tale,"Tael, Tal"
Taleebin,"Taleabin, Taleebina"
Talena,"Taleana, Taleena, Talene, Talina"
Talfryn,
Tali,"Talia, Talie, Tallia, Tallie"
Talia,"Talie, Talley, Tallia, Tallie, Tally, Talora, Talya, Thalie, Thalya"
Talib,
Taliba,Talibah
Taliesin,
Talikula,
Talise,"Talease, Taleese, Taleice, Talice"
Talite,
Talitha,"Taleetha, Taletha, Talicia, Talisha, Talita"
Tallara,Talaria
Talli,
Tallis,"Talisa, Talissa, Talys"
Tallis,Talis
Tallulah,"Talley, Tallie, Tallula, Talula, Talulah, Talulla"
Talma,"Talmar, Talmara, Talmaria"
Talmai,Talmi
Talman,
Talmor,"Talmorra, Talmora, Talmore"
Talof Harjo,
Talor,"Talora, Talore, Talori"
Talutah,
Talya,Talia
Tam,
Tam,
Tama,
Tamah,Tama
Tamaki,"Tamako, Tamayo"
Taman,"Tama, Tamann"
Tamanna,
Tamara,"Tama, Tamah, Tamar, Tamarah, Tamarra, Tamary, Tamera, Tami, Tamma, Tammara, Tammee, Tammera, Tammey, Tammi, Tammie, Tammy, Tamor, Tamour, Tamra, Tamya, Thamar, Thamara, Thamarra, Tomika"
Tamas,"Tamasa, Tamasi, Tamasvini"
Tamath,"Tamatha, Tamathia"
Tambo,
Tameko,
Tamela Pashme,
Tamesha,"Tameshia, Tamisha"
Tami,Tamie
Tamika,"Tamiya, Tamiyo"
Tamiko,
Tamila,"Tamilla, Tamyla"
Tamir,
Tammany,
Tamohara,
Tamsin,"Tamasin, Tamasine, Tamsine, Tamsyn, Tamzen, Tamzin, Tasma, Thomasina, Thomasine, Tomasina, Tomasine (feminine of Thomas)"
Tan,
Tan,
Tana,
Tanafa,
Tanaka,
Tanaki,
Tanay,
Tanaya,"Tania, Tanuja"
Tancred,Tancredi
Tandogan,
Tane,
Tane,Tain
Tanek,
Taneya,Tanya
Tang Thuy,
Tangerine,
Tanh,
Tani,
Tanita,
Tanith,"Tanita, Tanitha"
Tanith,Tanitha
Tanjiro,
Tanner,"Tan, Tanney"
Tannishtha,
Tano,
Tansy,Tandie
Tanton,
Tanundra,
Tanvi,
Tao,
Tapani,
Tapasya,
Tapko,
Taqiyya,"Takiyah, Takiyya, Takiyyah, Taqiyyah"
Tara,"Tarah, Taran, Tareena, Tarena, Taria, Tarin, Tarina, Tarra, Tarrah, Tarren, Tarryn, Taryn, Taryna, Teryn"
Taral,
Taralga,
Tarani,Tarini
Tarati,
Tarcoola,
Taree,
Taree,
Tarhe,
Tarif,Tareef
Tarik,"Tareck, Tareek, Taril, Tarin, Tariq"
Tarika,
Tarlam,
Tarleton,"Taretan, Tareton, Tarton"
Tarni,"Tarne, Tarnia"
Taro,
Tarra,
Tarrant,Tarrent
Tarro,
Tarub,
Tarun,
Tarunika,
Tas,
Tasarla,"Tasarlea, Tasarli"
Tashanee,
Tashi,Tashia
Tashunka,Tasunke
Tashunka Witco,
Tasi Nagi,
Tasida,
Tasina Sapewin,
Tassos,Tasos
Tatanka Iyotanka,
Tate,"Tait, Tatum, Tayte"
Tatiana,"Latonya, Tahnya, Taina (Scandinavian), Tana, Tania, Tanis, Tanisha, Tanka, Tannia, Tannis, Tanya, Tarnia, Tarny, Tata, Tati, Tatianna, Tatie, Tatyana, Tatyanna, Tawnie, Tenaya, Tenia, Tonia, Tonya, Tonyah"
Tatius,"Tatianis, Titus"
Tatonga,
Tatsu,
Tatum,
Tau,
Tauba,
Taufa,
Taula,
Taulaki,
Tauno,
Tautiti,
Tava,
Tavake,Tavaki
Tavares,
Tavaris,"Tavar, Tavaras, Tavares, Tavari, Tavarres, Tavor, Tevaris"
Tavas,
Tavi,
Tavish,"Tavis, Tevis"
Tavor,Tabor
Tawa,
Tawagahe,
Tawfiq,Tawfi
Tawia,
Tawl,Taweel
Tawnie,Tawny
Tawno,
Taya,
Tayanita,
Tayendanegea,
Tayib,
Taylea,Tailea
Taylor,"Tailer, Talor, Tayler"
Taz,Tas
Tazu,
Tcu Mana,
Teagan,"Tea, Teagin, Tegan, Teige, Tigan"
Teague,Teagan
Teale,"Teal, Teel, Teele"
Teamhair,
Teangi,
Tearlach,
Techomir,
Tecla,"Tekli, Tecla, Telka, Thecla, Thekla"
Tecumseh,
Tecwyn,
Tedmund,Tedmond
Tefere,Tefer
Tegvyen,
Teiji,
Teijo,
Tejomay,Tej
Tekahionwake,
Tekle,
Tekonsha,
Telae,
Telamon,
Telek,
Telem,Tellem
Teleri,
Teleza,
Telford,"Telfer, Telfor, Telfour"
Tem,
Teman,
Tembo,
Temima,Tamar
Temira,"Temora, Timora"
Temperance,Tempe
Tempest,Tempany
Templeton,Temp
Tendoy,
Teneangopte,
Tennant,Tenant
Tennesee,
Tennille,Tenille
Tennyson,Tenny
Tenoa,
Tenskwatawa,
Tenuvah,Tenuva
Teo,
Tera,Terami
Terach,Terac
Terena,"Tereena, Terenia, Terina, Terrena, Terrina, Teryna"
Terence,"Tarrance, Temcio, Terencio, Terenz, Terrel, Terry, Torrance"
Terentia,Terentilla
Terra,"Tera, Terah, Terrah"
Terrill,"Terrall, Terrel, Terryl, Tyrrell"
Tertia,
Tertius,Tertios
Teruma,
Tesher,
Teshuah,"Teshua, Teshura"
Tessa,"Tess, Tessia, Tessie"
Tet,
Tete,
Tetsu,
Teva,
Tevel,"Tevell, Tevil"
Tevita,
Tevy,
Thabit,
Thabiti,
Thaddea,"Thada, Thadda, Thadia, Thadie"
Thaddeus,"Tad, Tadd, Taddeo, Taddeusz, Taddia, Tadeo, Tadeusz (Polish), Tadia, Tadias (Lithuanian), Tadio, Tadzio, Thad, Thaddaus, Thaddej (Russian)"
Thai,
Thalassa,
Thalia,Thaleia
Thalmus,Thalmis
Thaman,Thamen
Thana,
Thandiwe,
Thane,"Thaine, Thayne"
Thang,
Thanh,
Thao,
Thatcher,"Thacher, Thatch, Thaxter"
The,
Thea,"Theia, Thia"
Theano,"Theone, Theoni"
Thekla,
Thelma,"Telma, Velma"
Thema,
Themba,
Theobald,"Dietbald, Dietbold, Ted, Teddy, Teobaldo, Thebault, Theo, Thibaud, Thibault, Thibaut, Tibold, Tiebold, Tiebout, Tybald, Tybalt, Tybault"
Theodora,"Bohdana (Russian), Dora, Fedore (Slavic), Feodoria, Teddi, Teddie, Teddy, Tedra, Teodora, Theadora, Theda, Theora, Teodosia (Italian), Theodosia"
Theodore,"Dirck, Dirk, Fedar, Fedinka, Fedor, Fedya, Feodor, Fyodor, Teador, Ted, Teddy, Tedor, Teobalt, Teodoro, Thebaud, Thebaut, Theo, Theobald, Theodorus, Theodosios, Todor, Tudor"
Theodoric,"Dedrick, Derek, Derrick, Dieter, Dietrich, Dirck, Dirk, Rick, Ted, Teodorico, Thedric, Thierry"
Theola,
Theone,"Theona, Theoni, Theonie"
Theophania,"Theophanie, Tifani, Tiff, Tiffaney, Tiffani, Tiffanie, Tiffiney, Tiffini, Tiffney, Tifennie, Tiffie, Tiffany, Tiffy"
Theophila,
Theophilus,"Teofil, Theophile"
Theora,
Thera,
Theresa,"Resi (German), Reza (Czech), Teca, Terasa, Teree, Terelle, Teresa, Terese, Teresia, Teresina (Italian), Teresita, Teressa, Terezia (Hungarian), Terezie (Bohemian), Terezyga (Polish), Teri, Terie, Terise, Terrasa, Terresa, Terresia, Terri, Terrie, Terrise, Terry, Terrya, Tersa, Terza, Tess, Tessa, Tessie, Tessy, Therese, Theressa, Thereza, Thersa, Thersea, Tica, Trace, Tracee, Tracey, Traci, Tracie, Tracy, Trasey, Treacy, Tressa, Treesy"
Theron,
Theros,
Theta,
Thetis,"Thetisa, Thetise"
Thi,
Thian,
Thirza,"Tirza, Thersa, Thirza, Tierza, Tirzah, Tyrzah"
Tho,
Thoar,
Thocmetony,Tocmetone
Thomar,
Thomas,"Didymus, Tam, Tamas, Tamaso (Italian), Tavish (Scottish), Tevis (Scottish), Thom, Thomason, Thomson, Thompson, Tom, Tomas, Tomaso, Tomasso, Tomasz, Tome, Tomek, Tomey, Tomhas (Irish), Tomie, Tomislaw, Tomkin, Tomlin, Tommaso, Tommey, Tommie, Tuomas (Finnish)"
Thomasina,"Thomasa, Thomasena, Thomasine, Toma, Tomasina, Tomasine, Tommi (feminine of Thomas)"
Thomasina,"Tammie, Tamsin, Thomasa, Thomasin, Thomasine, Toma, Tomasina, Tomasine, Tommie"
Thompson,
Thong,
Thor,"Thorin, Thorvald, Tor, Torre, Tyrus"
Thora,"Thordia, Thordis, Thyra, Tyra"
Thorald,"Terrell, Terrill, Thorold, Torald, Tyrell"
Thorbert,Torbert
Thorberta,
Thorburn,Thorbjorn
Thordis,"Thordia, Thordisa"
Thorley,"Thorleigh, Torley"
Thormond,"Thurmond, Thurmund"
Thorndike,Thormdyke
Thorne,
Thornley,"Thorhleigh, Thornly"
Thornton,
Thorpe,
Thorvald,
Thoth,
Thu,Tu
Thuc,
Thuong,
Thur,Thura
Thurayya,"Surayya, Surayyah, Thuraia, Thuraypa, Thurayyah"
Thurlow,
Thurman,Thurmen
Thurston,"Thorstan, Thorstein, Thorsten, Thurstain, Torsten, Torston"
Thuy,
Thyra,"Thira, Tyra"
Thyrza,Thirza
Tia,"Tiana, Tianna, Tiara"
Tia,"Tea, Teya, Tianna"
Tiarnach,Tiarnac
Tiba,
Tibbot,"Tibbott, Tibot, Tibout"
Tibelda,
Tiberia,"Tibbie, Tibby"
Tibor,
Tida,Tyda
Tien,
Tiernan,"Tierney, Tighearnan"
Tifara,"Tiferet, Tifhara"
Tigris,
Tiimu,Timu
Tiki,
Tikvah,
Tilden,
Tilford,
Till,"Thilo, Tillman"
Tilon,
Tilton,
Timin,
Timna,
Timothea,"Timaula, Timi, Timie, Timmi, Timmie"
Timothy,"Tim, Timmy, Timo, Timofee, Timofei, Timofeo, Timon, Timoteo, Timotheo, Timotheus, Tisha (Russian), Tymoteusz"
Timur,Tamir
Tin,
Ting,
Tino,
Tiponya,
Tippah,
Tipu,
Tira,
Tirion,
Tiru,
Tiruvalluvar,
Tisa,
Tita,
Titania,"Titanya, Titia"
Titilayo,
Tito,
Titus,"Tito, Titos"
Tivon,
Tivona,"Tivonia, Tivonie"
Tiwa,
Tiwolu,
Toafo,
Toal,"Tuathal, Tully"
Tobar,Tobbar
Tobbar,
Tobias,"Tebes, Tiveon, Tobe, Tobej (Russian), Tobey, Tobia, Tobiah, Tobiasz (Polish), Tobies, Tobija, Tobin, Tobit, Toby"
Tobikuma,
Toby,"Tobe, Tobee, Tobey, Tobi, Tobie, Tova, Tove"
Todd,Tod
Toeris,Toerisa
Tofe,
Togar,Togir
Tohon,
Tohuia,
Tohunga,
Tohyah,
Toirdealbhach,
Toireasa,Triese
Toivo,
Toka,
Tokala,
Toki,
Tokiwa,
Tokoni,
Toku,
Tokutaro,
Tolikna,
Toloa,
Toloisi,
Toma,
Tomago,Toma
Tomer,Tomar
Tomi,
Tomiko,Tomika
Tomlin,Tomlinson
Tomo,
Tomochichi,
Ton Yah,
Tonda,TOndah
Tong,
Tooka,Tookayo
Toolan,
Toora,
Topaz,
Topsy,"Toppsy, Topsey, Topsie"
Topwe,
Tor,
Tora,
Tora,
Torao,
Torborg,"Thorborg, Torbjorg"
Tordis,
Tori,
Torin,"Thorin, Torrin"
Torio,
Tormod,Tormond
Torna,
Torquil,
Torr,Tor
Torrance,"Tore, Torin, Torr, Torrin, Torry"
Toru,
Torunn,
Toshala,Shala
Toshi,"Toshie, Toshiko"
Toshio,
Toshiro,
Toshishiro,
Toski,
Tostig,
Totsi,
Tourmaline,Toramalli
Tov,"Tovi, Tuvia"
Tova,"Tove, Turid"
Tovah,"Toba, Tobit, Tova, Tovat, Tovit"
Townley,"Townleigh, Townly"
Towrang,Towran
Tracy,Treacy
Trahern,"Traherne, Trahaearn"
Trai,
Trang,
Trava,
Traviata,
Travis,"Travais, Traver, Travers, Trevor"
Trayton,
Tremain,Tremayne
Trent,"Trenten, Trentin, Trenton"
Treva,"Treveen, Trevina (feminine of Trevor)"
Trevor,"Trefor, Trevar, Trever"
Trey,"Trai, Trei"
Trilby,"Trilbie, Trillby"
Trinh,
Trinity,"Trini, Trinidade"
Trista,"Tristanne, Triste, Tristen, Tristin, Tristina, Tristyn"
Tristan,"Tris, Tristen, Tristram"
Trond,
Trowbridge,
Troy,
Troya,
Truc,
Truda,"Trudie, Trudy"
Truitt,Truett
Truman,"Trumaine, Trumann"
Trumble,"Trumball, Trumbell, Trumbull"
Trung,
Trutta,
Tryg,Trig
Tryphena,"Triphena, Tryphaena, Tryphana, Tryphene, Tryphenia, Tryphina"
Tsalani,
Tsaotohah,
Tsatoke,
Tse,
Tsela,
Tsen Tainte,
Tsifira,
Tsin,
Tsistunagiska,
Tsoai,
Tsomah,
Tsuhgi,
Tsula,
Tsuruko,
Tu,
Tu,
Tua,
Tuaco,
Tualau,
Tuan,
Tuari,
Tucker,
Tudor,
Tuesday,
Tuhina,
Tui,
Tuketu,
Tuki,
Tuki,"Tukiko, Tukiyo"
Tukuli,
Tukupa,
Tula,
Tula,
Tulinagwe,
Tullia,
Tullis,"Tullius, Tullie"
Tully,Tull
Tulsi,
Tumaini,
Tumu,
Tung,
Tunu,
Tuong,
Tupi,
Turaku,
Turlough,
Turner,
Tusa,
Tusajigwe,
Tuwa,
Tuwile,
Tuyen,
Tuyet,
Twain,Twaine
Twyford,
Twyla,"Twila, Twylla"
Tybalt,Tibalt
Tycho,"Tuge, Tyko"
Tydeus,
Tyee,
Tyke,
Tyler,"Tilar, Ty"
Tymon,
Tymon,Timon
Tynan,
Tyr,
Tyra,Tira
Tyrone,"Teiron, Tiron, Tirone, Tirus, Tyron"
Tyson,
Tzach,Tzachi
Tzadika,Zadika
Tzadok,"Tzadik, Zadik, Zadok"
Tzafra,"Tzefira, Zafra, Zefira"
Tzahala,Zahala
Tzeira,
Tzemicha,Zemicha
Tzeviya,"Civia, Tzevia, Tzivia, Tzivya, Zibiah, Zivia"
Tzila,"Tzili, Zila, Zili"
Tzina,Zina
Tzipiya,"Tzipia, Zipia"
Tziyona,"Zeona, Ziona"
Tzofi,"Tzofia, Tzofit, Tzofiya, Zofi, Zofia, Zofit"
Tzuriya,"Tzuria, Zuria"
Ualani,"Ualana, Ualania"
Ualtar,Ualteir
Ualusi,
Uang,
Uata,
Ubadah,
Ubald,"Ubalde (French), Ubold"
Ucal,
Ucello,Ucelo
Uchechi,
Uchenna,
Uda,"Udele, Udella, Udelle"
Uday,Udayan
Udele,"Uda, Udella, Yudella, Yudelle"
Udell,"Dell, Eudell, Udel, Udall, Yudale, Yudell"
Udiya,"Udia, Uriela, Uriella"
Udolf,Udolfo
Uffo,Ufo
Ugo,
Ugolina,"Hugolin, Hugolina, Hugoline, Ugolin, Ugoline"
Uha,
Uhila,
Uhubitu,
Uilleog,Uilleac
Uinise,
Uinseann,Uinsionn
Ujala,
Ujana,"Jana, Uyana"
Ujila,"Ujala, Ujjala, Ujvala"
Ula,"Eula, Ulla, Yulla"
Ulan,Ulen
Ulbrecht,
Ulf,
Ulick,"Ulic, Ulik"
Ulima,"Alim, Ulema, Ullima"
Ull,
Ulmer,
Ulric,"Oldrech, Oldrich, Olric, Olrick, Rick, Udo, Ulrich, Ulrico, Ulrik, Ulu"
Ulrica,"Rieka, Rica, Ulka, Ullrica, Ulrike"
Ultima,Ultimah
Ulu,
Uluaki,
Uluka,
Ulva,
Ulysses,"Ulises, Ulisse, Ullioc (Irish)"
Um-Kalthum,Um-Kalsum
Uma,
Uma,
Umali,
Umar,
Umay,
Umayma,
Ume,"Umeki, Umeko"
Umed,
Umeeka,
Umi,
Umiko,
Umina,
Umm,
Umniya,
Umpima,
Una,
Una,"Oona, Oonah, Oonagh"
Unaduti,
Unal,
Undine,"Ondina, Ondine, Undeen, Undina"
Uner,
Unika,
Unity,Unita
Unkas,
Unn,Una
Unnea,Unea
Unwin,Unwyn
Upala,
Upton,
Upwood,
Urana,
Urania,"Urainia, Uraniya, Uranya"
Urban,"Urbain, Urbane, Urbano, Urbanus"
Urbana,Urbanna
Urbi,
Urdur,"Urd, Urdr, Urth"
Uri,Urie
Uriah,"Uri, Urias, Yuri, Yuria"
Urian,Urien
Uriel,"Uri, Yuri, Yuriel"
Urika,
Urit,
Urith,Uritha
Ursula,"Orsa, Orsala, Orsaline, Orscha, Orsel, Orselina, Orseline, Orsola (Irish), Sula, Ulla, Ursa, Ursala, Ursella, Ursola, Ursule, Ursulina, Ursuline, Ursy, Urzula (Polish), Vorsila (Greek), Worsola (Bohemian)"
Urte,Urta
Urvil,Ervil
Usamah,Usama
Useni,
Usha,Ushas
Ushi,
Ushmil,Ushmila
Ushriya,Ushria
Usi,
Ut,
Uta,
Uta,Yuta
Utano,
Utatci,Utatch
Uttam,
Utu,
Uwimana,
Uyeda,
Uzair,
Uziel,"Uzziah, Uzziel"
Uzoma,
Uzza,
Uzzia,"Uzia, Uzya"
Vaal,
Vach,
Vachel,
Vachya,Vachia
Vadin,
Vaha,
Vail,"Bail, Bale, Vaile, Vale"
Vailea,"Vaili, Vailie, Vayli"
Vaino,
Vaitafe,
Vala,Valla
Valancia,"Valanca, Valence"
Valasquita,
Valborga,"Walburga, Walberga, Walpurgis"
Valda,"Valida, Valma, Velda, Vellda"
Valdemar,Vlademar
Valentina,"Tina, Teina, Val, Valeda, Valedda, Valeena, Valena, Valence, Valencia, Valene, Valentia, Valentina, Valentine, Valenzia, Valera, Valerie, Valida, Valina, Vallie, Vallina, Velora"
Valentine,"Bailintin (Irish), Balawyn, Val, Valek, Valentijn, Valentin, Valentino, Valerius, Valery"
Valerian,"Valerien, Valerio, Valeryan"
Valerie,"Val, Valaree, Valarey, Valaria, Valarie, Valeria, Vale, Valeree, Valeriana, Vallarie, Valleree, Valli, Vallie, Vally, Valrey, Valry"
Valeska,
Valgard,Valgarde
Valin,"Valan, Valen, Valon"
Valma,"Valmar, Valmara"
Valma,Valmai
Valmiki,
Valonia,Vallonia
Valora,"Valoria, Valorie, Valory, Valorya"
Valu,
Vamana,
Van,
Vana,
Vanaja,Vanaia
Vanalika,
Vance,Vanse
Vanda,
Vandan,
Vandani,Vandana
Vander,"Van, Vandar, Vandir, Vane, Vendar"
Vandyke,
Vanessa,"Nessa, Nessie, Van, Vanesha, Vanesse, Vanetta, Vaneza, Vania, Vanija, Vanna, Vanya, Venetta (Dutch)"
Vani,
Vanika,
Vanja,
Vanna,
Vannevar,
Vanora,"Vanori, Vanoria, Vanorie"
Vantrice,"Vantricia, Vantrisia"
Vara,Varia
Varad,Vared
Varana,
Varda,"Vardia, Vardice, Vardina, Vardis, Vardit"
Vardhamma,Vardhaman
Vardon,"Varden, Verdun"
Varen,
Varesh,
Varian,
Varick,Warick
Varil,
Varina,"Varvara, Varenka, Varinka, Varya"
Varnava,
Varsha,Varisha
Vartan,
Varun,"Varin, Varoon"
Vasant,Vasan
Vasanta,Vasante
Vashti,Vashtee
Vasilis,"Vasileios, Vaso, Vasos, Vassily, Vasya, Wassily"
Vasin,
Vassy,"Vasi, Vasie"
Vasu,
Vasundhara,
Vatsayayana,
Vaughn,Vaughan
Veasna,
Veata,
Veda,"Vedis, Veeda, Velda, Vida"
Vedavati,
Vedette,"Vedeta, Vedete, Vedetta"
Vedis,"Vedissa, Vedisse"
Veera,Vira
Vega,Waqi
Veiko,
Vekoslava,
Vela,Vella
Velda,
Veleda,
Veleslav,Vaclav
Veleslava,"Vehka (Bulgarian), Vela, Velina, Velinka, Velka, Veluska"
Velika,Velia
Veliya,
Vellamo,
Velma,Vellma
Velvet,
Vencel,
Venetia,"Vanecia, Vanetia, Venezia, Venice, Venitia, Vonitia, Vonizia"
Ventura,
Venus,"Venisa, Venita, Venusa, Venusina, Vinita"
Vera,"Veera, Veira, Veradis, Veradisse, Verasha, Vere, Verena, Verene, Verina, Verine, Verla, Verochka, Verra (Slavic), Veruschka, Viera"
Verbena,"Verbin, Verbina"
Verdad,
Verdi,"Verda, Verdee, Virida, Virdisa"
Vere,"Veir, Vir"
Vered,
Verena,"Varin, Vereena, Verene, Verina, Verine, Verna, Veruchka, Veruschka, Verushka, Veryna"
Veril,"Veral, Verrill"
Verity,"Verita, Veritie, Veryta"
Verna,"Venise, Verda, Verne, Verneta, Vernice, Vernie, Vernis, Vernita, Veruszhka"
Vernon,"Varney, Vern, Verne, Verney"
Veronica,"Rana, Roni, Ronica, Ronna, Ronnie, Veira, Vera, Veranique, Vernice, Veron, Verona, Verone, Veronice, Veronicka, Veronika, Veronike, Veroniqua, Veronique, Vonnie, Vreneli (German), Weronika (Polish)"
Verrill,"Verrall, Verroll, Veryl"
Vervain,Verbena
Vespera,
Vesta,Vessy
Vevila,
Vevina,Vevin
Vica,
Victor,"Buadhach (Irish), Vic, Victorin, Vidor, Vikenty, Viktor, Vitorio, Vittorios, Vittorio"
Victoria,"Torey, Tori, Toria, Torie, Torrey, Torri, Torrie, Torrye, Tory, Vic, Vicke, Vicki, Vickie, Vicky, Victoire (French), Victoriana, Victorina, Victorine, Victorie, Victory, Vikki, Vikky, Vitoria (Spanish), Vittoria (Italian)"
Vida,"Veda, Veeda, Veida, Vidette, Vieda, Vita, Vitia"
Vidal,"Vidale, Vidall"
Vidar,
Vidkun,
Vidonia,"Veedonia, Vidonya"
Vidor,
Vidya,
Viet,
Vigdis,Vigdess
Vigilia,
Vignette,Vigneta
Vihs,
Vija,
Vijay,
Vijnana,Vijnan
Vika,
Viljo,
Villette,
Vilmos,
Vilok,
Vimal,
Vimala,
Vina,"Veina, Venia"
Vinay,
Vincent,"Vicente, Vicenzio, Vin, Vince, Vincens, Vincentius, Vincenty, Vincentz, Vincenz, Vincenzio, Vincezio, Vineze, Vinnie, Vinny, Vinzenz"
Vincentia,"Vincenta, Vincentena, Vincentina, Vincentine, Vincetta, Vinia, Vinnie"
Vindo,
Vine,
Vinh,
Vinita,"Vineet, Vinta, Vintia"
Vinod,
Vinson,
Violet,"Eolande, Iolande, Iolanthe, Jolande, Jolanta, Jolantha, Lantha, Lanthina, Vi, Viola, Violaine, Violanta, Violante, Violatta (Italian), Viole, Violeta, Yolanda, Yolande, Yolanthe"
Vira,
Virgil,"Verge, Vergil, Virgilio, Virgilo"
Virgilia,Virgila
Virginia,"Geena, Gina, Ginella, Ginelle, Ginger, Ginia, Ginnie, Ginya, Jenell, Jenella, Virgie, Virginie (French)"
Viridis,"Virdis, Virida, Viridia, Viridiana"
Virtue,
Vishva,
Visolela,
Vita,"Veeta, Vitel, Vitella, Vitka"
Vitalis,"Vital, Vitale, Vitalij (Russian), Vitus"
Vito,"Vital, Vitale, Vitalis, Vitus, Witold"
Viva,"Viveca, Veeva"
Viveca,"Vivecka, Viveka"
Vivek,
Vivian,"Bibi, Bibiana, Vi, Viv, Viva, Viveca, Vivecka, Viveka, Vivia, Viviana, Viviane, Vivianna, Vivianne, Vivie, Vivien, Vivienne, Vivyana"
Vivian,"Vivyan, Vyvyan"
Vjera,
Vladimir,"Dima, Vladamir, Vladimeer, Wladimir, Wladimyr"
Vladimira,Vladmira
Vladislav,
Vladislava,"Ladislava, Valeska, Vlasta"
Vladivoj,
Vlado,
Vogel,Vogal
Voitto,
Volante,Volanta
Voleta,"Voletta, Volitta"
Volker,
Volney,
Von,
Vondra,
Vorsila,
Vovo,
Vuc,
Vui,
Vyasa,
Vyoma,Vyomika
Waarar,
Waban,Waben
Wabanaquot,
Wabaunsee,
Wachiru,
Wachiw,
Wadd,
Wade,
Wadley,Wadleigh
Wadsworth,
Wadud,Wad
Wafa,"Wafiyya, Waffiyah"
Wagner,Waggoner
Wahchintonka,
Wahchumyus,
Wahhab,"Wahad, Wahib"
Wahid,
Wahkan,
Wahkuna,
Wahnahtah,
Wahotkonk,
Wahshee,
Wahtsake,
Wai,
Wainani,
Wainwright,"Waine, Wayne"
Waipshwa,
Waite,Waits
Waja,"Wagiha, Wagihah, Wajiha, Wajihah"
Wajid,
Wajih,
Wakana,
Wakanda,Wakenda
Wakefield,
Wakeley,Wakely
Wakil,
Wakiza,
Wakoyantanke,
Wakuntchapinka,
Walaka,
Walburga,"Walberga, Walpurgis"
Walcha,
Walcott,Wolcott
Walda,"Wallda, Welda, Wellda (feminine of Waldo)"
Waldemar,"Valdemar, Waldo"
Walden,
Waldo,
Waldron,
Walford,
Walfred,
Walid,Waleed
Walida,Walidah
Walkara,Wakara
Walker,
Wallace,"Walach, Walice, Wallach, Wallas, Wallie, Wallis, Wally, Waloch, Walsh, Welch, Welsh"
Wallah,
Waller,
Wallis,"Walice, Walise, Wallie, Walliss, Wally, Wallys"
Walter,"Bhaltair (Scottish), Gatier, Gaultier, Gauthier, Gautier, Gualterio, Gualtiero, Ualter, Valter, Valther, Walder, Wally, Walt, Walther, Wat, Wata (Maori), Watkins"
Walton,
Walworth,
Walwyn,"Alwin, Alwyn, Welwyn"
Wambleeska,
Wambua,
Wanaao,
Wanaaonani,
Wanbi,
Wanda,"Tawanna, Vanda, Wandea, Wandi, Wandie, Wandis, Wandise, Wandja, Wandy, Wandzia, Wenda, Wendall, Wendy, Wonda, Wonnda"
Wanekia,
Waneta,"Waneata, Wanete, Wanita, Wanite, Wonnita"
Wanetta,Wanette
Wang,Wan
Wanig Suchka,
Wanikiya,
Wanjohi,
Wanonce,
Wapasha,"Wabasha, Wapusha"
Wapi,
Wapin,
Waratah,Warrata
Warburton,
Ward,"Warden, Worden"
Warda,"Wardia, Wardine (feminine of Ward)"
Wardell,
Wardley,
Ware,
Warfield,
Warford,
Warick,"Waric, Warik, Warric, Warrick"
Warner,
Warooka,
Warra,Wara
Warren,"Waran, Waren, Waring"
Warrie,Wari
Warrun,
Warwick,
Wasechuntashvnka,
Waseme,
Washakie,
Washburn,
Washi,
Washington,
Washta,
Wasil,
Wasim,
Wasonaunequa,
Wasula,
Watende,
Wathohuck,
Watseka,
Watson,
Wattan,
Wattan,Waatina
Wauna,
Waunakee,
Waverly,
Waya,
Wayamba,
Waylahskise,
Wayland,"Wailan, Wailand, Walan, Way, Waylen, Waylin, Waylon, Weylin"
Wayne,"Wain, Waine"
Waynoka,
Wazire,
Weayaya,
Webb,
Webley,Webly
Webster,
Weeko,
Weelya,
Weeronga,
Weetamoo,"Weetamoe, Weetamore, Wetamoo, Wetemoo"
Wehinahpay,
Wei-Quo,
Wekesa,
Welbourne,"Welborn, Welburn, Wellborn, Wellburn"
Welby,"Welbey, Wellby"
Weldon,Welden
Welford,
Wellington,
Wells,
Welton,
Wemilat,
Wen,
Wen,
Wen Hu,
Wenceslaus,"Vaclav, Veleslav, Waclaw (Polish), Wenceslas, Wenzel, Wiencyslaw"
Wendell,"Wendall, Wendel"
Wendy,"Wenda, Wendalin, Wendalina, Wendee, Wendeline, Wendey, Wendi, Wendia, Wendie, Wendye, Windy"
Wenlock,Wenloch
Wentworth,
Wenutu,
Werner,"Wernhar, Wernher"
Wesh,
Wesisa,
Wesla,"Weslea, Weslia, Weslie"
Wesley,"Westleigh, Westly"
Westbrook,"Brook, Wesbrook, West"
Westby,
Westcott,
Weston,"Westen, Westin"
Wetherby,
Wetherell,
Wetherly,Wetherleigh
Wharton,Warton
Wheatley,"Wheatleigh, Whitli, Whitlia"
Wheaton,
Wheeler,
Wherahiko,
Whetu,
Whistler,
Whitby,Whitbie
Whitcomb,Whitcumb
Whitelaw,Whitlaw
Whitfield,
Whitford,
Whitley,
Whitlock,
Whitman,
Whitmore,"Whitmoor, Witmore, Wittemore"
Whitney,"Whitnee, Whitnie, Whitny, Whittney"
Whittaker,"Whitacker, Whitaker"
Wicahpi,
Wicahpi Isnala,
Wicasa,
Wichado,
Wickham,
Widad,
Wihakayda,
Wila,
Wilbert,
Wilbur,"Wilber, Willber, Willbur"
Wilda,"Willda, Wylda"
Wiley,"Willey, Wylie"
Wilford,
Wilfred,"Wilfredo, Wilfried, Will"
Wilfreda,
Wilhelmina,"Billa, Billy, Elma, Guglielma, Guillema, Helma, Helmina, Helmine, Min, Minka (Polish), Minna, Minnie, Valma, Valmara, Velma, Vilhelmina, Vilma (Dutch), Vilmara, Wilene, Willa, Willeen, Willetta, Willie, Wilma, Wilna, Wimine, Winnie"
Wilkinson,Wilkins
Willard,
William,"Bill, Billy, Gilamu (Basque), Guglielmo, Guillaume (French), Guillermo (Spanish), Liam, Uilleam (Scottish), Uilliam (Irish), Vasyl, Vilhelm, Viljo (Finnish), Villem, Wilek, Wiley, Wilhelm, Wilhelmus, Wilkes, Wilkie, Wilkinson, Will, Willem, Willhelmus, Williams, Williamson, Willis, Wills, Wilmar, Wilmot, Wilson, Wim (Dutch)"
Willoughby,
Willow,
Wilma,(see Wilhelmina)
Wilmer,Wylmer
Wilny,
Wilona,Wilone
Wilson,
Wilton,
Wilu,
Win,"Winn, Wyn, Wynn"
Winda,
Windsor,
Winema,
Winfield,Wynfield
Wing,
Wingate,
Wingi,
Winifred,"Fred, Freddy, Win, Wina, Winafred, Winefride, Winfreda, Winifrede, Winifride, Winifryde, Winne, Winni, Winnie, Winny, Wyn, Wynn"
Winna,"Wyna, Wynna"
Winne-Comac,
Winola,
Winona,"Wenona, Wenonah, Winonah, Wynnona"
Winslow,
Winston,"Winsten, Wynstan"
Winter,
Winthrop,
Winton,
Wirake,Wirak
Wirrin,Wirin
Wisia,
Wit,Witt
Witashnah,
Witha,
Wiyaka-Wastewin,
Wolcott,
Wolfe,Woolf
Wolfgang,
Wollowra,
Won-Shik,
Woodrow,
Woodville,Wydville
Woodward,"Woodard, Woody"
Woorak,Wooraka
Worippa,Woripa
Worle,
Worth,"Worthy, Worthington"
Wren,Wrena
Wright,
Wuhautyah,
Wuirton,
Wuliton,Wulitan
Wullun,Wulun
Wunand,
Wundurra,
Wusamequin,
Wyandanch,
Wyanet,Wianet
Wyatt,Wye
Wycliff,
Wylie,"Wiley, Wye"
Wyndham,Windham
Wynn,"Win, Winn, Wyn"
Wynne,"Win, Winetta, Winette, Winnie, Wyn, Wyna, Wyne, Wynette"
Wynono,
Wyome,Wyoming
Wythe,
Wyuna,
Xandra,
Xanthe,"Xana, Xanna, Xantha, Xanthia, Xanthippe, Zanna, Zanne, Zantha, Zanthippe"
Xanthus,"Xanthippus, Xanthius, Xanthos, Zanthippus, Zanthius, Zanthos"
Xaveria,"Xaverie, Zaveree, Zaveria"
Xavier,"Javier, Saveri, Savero, Xaver, Xaviero, Xever, Zavier"
Xaviera,
Xen,Zen
Xenia,"Sena, Xeenia, Xena, Xene, Xenia, Xyna, Zenia, Zina"
Xenophon,"Xeno, Zeno Zenophon"
Xenos,"Zenas, Zeno, Zenon, Zenos"
Xerxes,"Jerez, Xeres"
Xevach,Zevach
Xeven,"Xyven, Ziven, Zyven"
Xevulun,Zevulun
Xi-Wang,
Xiang,
Xiao-Niao,
Xiao-Xing,
Xiaoping,
Ximena,"Simena, Simona, Simone, Ximona, Ximone, Zimena, Zimene, Zimona"
Ximenes,"Jimenes, Jimenez, Ximen, Ximenez (see Simon)"
Xin,
Xing-Fu,
Xiu-Mei,
Xuan,
Xylon,
Xylona,"Xylia, Xylina, Xylona"
Xylophia,"Xilophia, Zilophia"
Yaa,
Yaakov,Yakov
Yaar,
Yaara,"Yaari, Yaarit, Yara"
Yabarak,
Yachi,"Yachiko, Yachiyo"
Yachne,Yachna
Yadava,Yadav
Yadid,
Yafeu,
Yaffa,Jaffa
Yagel,
Yagoona,
Yahbini,
Yahivika,
Yaholo,
Yahya,
Yair,
Yajna,
Yakar,
Yakecen,
Yakez,
Yaki,"Yukie, Yukika"
Yakir,
Yakira,"Yekara, Yekarah"
Yale,
Yalena,"Yelena, Lenuschka, Lenya, Lenyushka"
Yalika,
Yaluta,
Yama,
Yamal,
Yamin,Jamin
Yamini,
Yamka,
Yamuna,
Yana,Yannai
Yanaba,
Yanaha,
Yandach,
Yang,
Yani,"Yania, Yanie"
Yanoach,
Yaphet,"Japhet, Japheth, Yapheth"
Yaqub,
Yara,"Yarna, Yarra"
Yarb,
Yardan,
Yardeniya,"Jardenia, Yardenia"
Yardley,"Yardlea, Yardleigh"
Yarin,
Yarina,Yaryna
Yarkona,
Yarmilla,
Yarra,
Yasahiro,
Yash,Yashar
Yashaskar,
Yashila,
Yashna,Yashnah
Yashodhana,Yashwina
Yasir,"Yaseer, Yasser, Yasar"
Yasu,"Yasuko, Yasuyo"
Yasuo,
Yates,Yeats
Yatva,
Yazid,
Ye,
Ye,
Yechezkel,"Chaskel, Keskel"
Yedda,
Yehudi,"Judah, Yechudi, Yechudit, Yehuda, Yehudit"
Yehudit,"Judit, Judith, Yudi, Yudit, Yudita, Yuta, Yutke"
Yei,
Yeira,
Yejde,
Yelutci,
Yemina,Yemena
Yemon,
Yen,
Yenene,
Yeo,
Yeoman,Youman
Yepa,
Yera,
Yered,
Yesenia,"Yecenia, Yesnia, Yessenia"
Yeshara,
Yetta,
Yeva,Yevka
Yevgenyi,
Yiesha,
Yileen,
Yilla,
Yin,
Yirki,
Yitro,
Ymir,
Yo,
Yochanan,"Johanan, Yohannan"
Yocheved,Yochebed
Yoi,
Yoki,
Yokkako,
Yoko,
Yolanda,"Eolanda, Eolande, Iolanda, Iolande, Yalanda, Yalinda, Yalonda, Yola, Yoland, Yolande, Yolane, Yolette, Yoli, Yolonda, Yulanda"
Yolota,
Yoluta,
Yon,
Yon,
Yona,
Yonah,"Yona, Yonas"
Yonatan,
Yone,
Yong,
Yong-Sun,
Yonina,"Jona, Jonati, Jonina, Yona, Yonah, Yoninah, Yonit, Yonita"
Yoola,
Yoomee,
Yoomtis Kunnin,
Yoorana,
Yora,
Yori,
Yorick,"Yoric, Yorik"
York,"Yorick, Yorke"
Yosha,
Yoshe,
Yoshi,
Yoshiko,"Yoshie, Yoshiyo"
Yoshino,
Yotimo,
Yottoko,
Youkioma,
Young-Il,
Young-Ja,
Young-Jae,
Young-Nam,
Young-Soo,
Young-Soon,
Yovela,
Yu,
Yuan,
Yucel,
Yudan,"Yuden, Yudin"
Yuki,Yukie
Yukiko,
Yul,
Yulan,
Yule,"Euell, Ewell"
Yuliya,Yulenka
Yuma,
Yumiko,
Yunis,"Younis, Yunus"
Yuri,
Yuriko,
Yushua,Yusha
Yusra,"Yusrivva, Yusrivvah"
Yutkiye,
Yutu,
Yuval,Jubal
Yves,
Yvette,
Yvonne,"Evonna, Evonne, Ivonne, Vonna, Yvetta, Yvette, Yvone"
Zaccheus,
Zachariah,"Acarias, Sachar, Zacaria, Zacarias, Zacharie (French), Zachary, Zaccheus, Zach, Zachaios, Zacheus, Zacker, Zakarias, Zakariyyah, Zeke"
Zada,"Zaida, Zayda"
Zadok,"Zadock, Zaydok"
Zafar,
Zafina,
Zafir,Zafar
Zafira,Zafirah
Zahara,
Zahara,"Zahari, Zaharit"
Zahava,"Zachava, Zahava, Zechava, Zehava, Zehavit, Zehovit, Zehuva, Zehuvit"
Zahavi,
Zahi,
Zahid,
Zahir,"Zayyir, Zuhayr"
Zahira,"Zaheera, Zahirah"
Zahra,"Sahra, Zahirah, Zahrah, Zara, Zuhra"
Zahur,
Zaid,"Zayd, Zayed"
Zaida,"Zayda, Zada"
Zaide,
Zaidee,"Saidea, Saidia, Saidi, Zaidi, Zaidie"
Zaim,
Zainab,Zaynab
Zaira,
Zaira,"Zarah, Zaria, Zayeera"
Zakah,"Zaka, Zakia, Zakiah"
Zakai,Zaki
Zakariyya,
Zaki,
Zakiya,"Zakia, Zakiyah"
Zakiyya,"Zakia, Zakiah, Zakiyyah"
Zakur,
Zale,Zayle
Zalika,
Zalman,"Salman, Zalomon"
Zaltana,
Zamir,"Zalmir, Zamar"
Zan,
Zan,
Zana,
Zaneta,
Zanta,
Zara,"Zahra, Zaira, Zaria, Zayeera"
Zareb,
Zared,
Zarek,Zarik
Zarifa,
Zarina,
Zarzia,"Sarzia, Serzia, Zeriza"
Zavad,Zevid
Zavdiel,
Zawadi,
Zayit,
Zaynab,
Zaza,Zazu
Zbyhneva,"Zbyha, Zbysa"
Zdena,
Zdeslava,"Zdevsa, Zdevska, Zdisa, Zdiska, Zdislava"
Zdzich,
Zea,Zia
Zebadiah,"Zabad, Zabdiel, Zabi, Zeb, Zebedee"
Zebulon,"Zebulen, Zebulun, Zevulon, Zevulun"
Zedekiah,"Zed, Zedechiah, Zedekias"
Zeev,
Zeffa,Zefa
Zefiryn,"Zefirin, Zefirina"
Zehara,Zehorit
Zehava,"Sehara, Sehari, Sehava, Sehuva, Sohar, Zehara, Zehari, Zehavit, Zehuca, Zoheret"
Zeheb,
Zeira,Zeirah
Zeita,Zeta
Zeki,
Zel,
Zelene,"Zeleena, Zeline"
Zelenka,"Selen, Selenka, Zelen"
Zelia,Zelina
Zelig,"Selig, Zeligman, Zelik"
Zelkova,Selkova
Zella,
Zemira,
Zemorah,Zemora
Zenaida,
Zenana,"Zena, Zenia"
Zenas,"Zeno, Zenon"
Zenda,
Zenda,
Zenobia,"Cenobia, Zenaida, Zenaide, Zenda, Zenna, Zenia"
Zephaniah,"Sephanie, Zenphan, Zeph, Zephan, Zephani"
Zephyr,
Zera,
Zerach,
Zerdali,
Zerem,
Zeresh,Zeresha
Zerika,
Zerlinda,"Serlin, Serlinda, Zerlea, Zerlina, Zorina"
Zero,
Zerren,
Zesiro,
Zeta,
Zethan,
Zetta,"Zeta, Zetana"
Zeus,
Zeva,
Zevach,Zevac
Zevid,
Zevida,Zevuda
Zeviel,
Zevulun,
Zeynep,
Zhen,"Zen, Zena, Zhena"
Zho,
Zhong,
Zhu,
Zhuang,
Zhuo,
Zia,"Xia, Xya, Zea"
Zigana,"Tsigana, Tsigane, Tzigana, Tzigane, Zigane"
Zihna,
Zikomo,
Zilla,"Zila, Zillah, Zylla"
Zilpha,"Zilpah, Zulpha, Zylpha"
Zimra,"Samoka, Samira, Samora, Samyra, Semira, Semora, Xamira, Ximara, Zamira, Zimria"
Zimraan,Ximraan
Zimriah,"Zimria, Zimriya"
Zina,"Sena, Senia, Senya, Xina, Zenia"
Zina,Zena
Zinan,
Zindel,"Xindel, Xindil, Zindil"
Zinnia,"Zinia, Zinnya, Zinya"
Zion,Xion
Zippora,"Cipora, Tzipeh, Tzipora, Tzippe, Zipeh, Zipora, Ziporah, Zipporah"
Ziracuny,
Zirah,Zira
Zita,Zitella
Zitkaduta,
Zitkala,
Zitkalasa,
Zitomer,Xitomer
Zitomira,"Zitka, Zituse"
Ziv,"Ziven, Zivon"
Ziva,"Siva, Zeeva, Ziv"
Zivah,
Zivanka,"Zivka, Zivuse, Zivuska"
Ziyad,
Zlata,"Zlatina, Zlatinka, Zlatka, Zlatuna, Zlatunka, Zlatuse, Zlatuska"
Zlatan,
Zlatka,
Zlhna,
Zocha,
Zoe,"Soia, Xoe, Zoa, Zoey, Zoia (Russian), Zoie, Zoya, Ziva"
Zohar,
Zoheret,
Zohreh,
Zola,Zoela
Zoltan,"Soltan, Zolten, Zoltin"
Zoltan,Zoltin
Zomelis,
Zona,Zonia
Zonta,
Zora,"Zara, Zorah, Zorana, Zorina, Zorine, Zorra, Zorrah, Zorya"
Zorina,"Zorana, Zorean, Zoreen"
Zoro,
Zorya,Zoria
Zotom,
Zoya,Zoyenka
Zubaida,"Zubaidah, Zubeda"
Zuberi,Zuber
Zudora,
Zuhayr,Zuhair
Zuleika,
Zulema,Zulima
Zurafa,"Ziraf, Zirafa, Zuruf, Zurufa"
Zuri,
Zuriel,Zurial
Zuwena,Zwena
Zuzana,
Zuzela,
Zverda,Zverdana
Zwi,
Zya Timenna,
Zytka,
